repo	category	owner	file	line	text	unit	note
Editor	publish	core mutation	editor/packages/editor/src/documentSession.ts	806	const change = this.publish({	preserve	Source match; ownership and deletion decisions are in baseline-and-inventory.md
Editor	publish	core mutation	editor/packages/editor/src/documentSession.ts	839	const change = this.publish({	preserve	Source match; ownership and deletion decisions are in baseline-and-inventory.md
Editor	publish	core mutation	editor/packages/editor/src/documentSession.ts	957	const change = this.publish({	preserve	Source match; ownership and deletion decisions are in baseline-and-inventory.md
Editor	publish	core mutation	editor/packages/editor/src/documentSession.ts	977	const change = this.publish({	preserve	Source match; ownership and deletion decisions are in baseline-and-inventory.md
Editor	publish	core mutation	editor/packages/editor/src/documentSession.ts	1000	this.publish({ createChange: () => this.createChange('checkout', []), origin: 'external' })	preserve	Source match; ownership and deletion decisions are in baseline-and-inventory.md
Editor	publish	core mutation	editor/packages/editor/src/documentSession.ts	1163	const change = this.publish({	preserve	Source match; ownership and deletion decisions are in baseline-and-inventory.md
Editor	publish	core mutation	editor/packages/editor/src/documentSession.ts	1202	const change = this.publish({	preserve	Source match; ownership and deletion decisions are in baseline-and-inventory.md
Editor	publish	core mutation	editor/packages/editor/src/documentSession.ts	1281	const change = this.publish({	preserve	Source match; ownership and deletion decisions are in baseline-and-inventory.md
Editor	publish	core mutation	editor/packages/editor/src/documentSession.ts	1394	const change = this.publish({	preserve	Source match; ownership and deletion decisions are in baseline-and-inventory.md
Editor	publish	core mutation	editor/packages/editor/src/documentSession.ts	1618	const change = this.publish({	preserve	Source match; ownership and deletion decisions are in baseline-and-inventory.md
Editor	publish	core mutation	editor/packages/editor/src/documentSession.ts	1726	private publish(transition: {	preserve	Source match; ownership and deletion decisions are in baseline-and-inventory.md
Editor	publish	core mutation	editor/packages/editor/src/documentSession.ts	1772	for (const event of this.pendingChanges) this.changes.fire(event)	preserve	Source match; ownership and deletion decisions are in baseline-and-inventory.md
Editor	publish	view presentation	editor/packages/editor/src/editor/Editor.ts	701	notifyChangeWithTiming: (change) => this.notifyChangeWithTiming(change),	preserve	Source match; ownership and deletion decisions are in baseline-and-inventory.md
Editor	publish	view presentation	editor/packages/editor/src/editor/Editor.ts	4406	this.sessionOptions.onChange?.(passChange)	preserve	Source match; ownership and deletion decisions are in baseline-and-inventory.md
Editor	publish	view presentation	editor/packages/editor/src/editor/Editor.ts	4415	this.notifyChangeWithTiming(passChange),	preserve	Source match; ownership and deletion decisions are in baseline-and-inventory.md
Editor	publish	view presentation	editor/packages/editor/src/editor/Editor.ts	4705	private notifyChangeWithTiming(change: DocumentSessionChange): void {	preserve	Source match; ownership and deletion decisions are in baseline-and-inventory.md
Editor	publish	view presentation	editor/packages/editor/src/editor/inputSelectionController.ts	204	notifyChangeWithTiming(change: DocumentSessionChange): void	preserve	Source match; ownership and deletion decisions are in baseline-and-inventory.md
Editor	publish	view presentation	editor/packages/editor/src/editor/inputSelectionController.ts	3506	this.options.notifyChangeWithTiming(timedChange)	preserve	Source match; ownership and deletion decisions are in baseline-and-inventory.md
Editor	publish	view presentation	editor/packages/editor/src/mergeConflictPlugin.ts	349	this.emitChange()	5	Source match; ownership and deletion decisions are in baseline-and-inventory.md
Editor	publish	view presentation	editor/packages/editor/src/mergeConflictPlugin.ts	352	private emitChange(): void {	5	Source match; ownership and deletion decisions are in baseline-and-inventory.md
Editor	publish	view presentation	editor/packages/editor/src/virtualization/fixedRowVirtualizer.ts	210	this.emitChange()	preserve	Source match; ownership and deletion decisions are in baseline-and-inventory.md
Editor	publish	view presentation	editor/packages/editor/src/virtualization/fixedRowVirtualizer.ts	217	this.emitChange()	preserve	Source match; ownership and deletion decisions are in baseline-and-inventory.md
Editor	publish	view presentation	editor/packages/editor/src/virtualization/fixedRowVirtualizer.ts	353	this.emitChange()	preserve	Source match; ownership and deletion decisions are in baseline-and-inventory.md
Editor	publish	view presentation	editor/packages/editor/src/virtualization/fixedRowVirtualizer.ts	361	this.emitChange()	preserve	Source match; ownership and deletion decisions are in baseline-and-inventory.md
Editor	publish	view presentation	editor/packages/editor/src/virtualization/fixedRowVirtualizer.ts	398	this.emitChange()	preserve	Source match; ownership and deletion decisions are in baseline-and-inventory.md
Editor	publish	view presentation	editor/packages/editor/src/virtualization/fixedRowVirtualizer.ts	653	private emitChange(): void {	preserve	Source match; ownership and deletion decisions are in baseline-and-inventory.md
Editor	subscribe	domain adapter	editor/packages/diff/src/editorDiffPlugin.ts	433	handleEditorChange: (change) => contribution.handleEditorChange(change),	5	Source match; ownership and deletion decisions are in baseline-and-inventory.md
Editor	subscribe	domain adapter	editor/packages/diff/src/editorDiffPlugin.ts	547	handleEditorChange(change: EditorContributionChange | null): void {	5	Source match; ownership and deletion decisions are in baseline-and-inventory.md
Editor	subscribe	view presentation	editor/packages/editor/src/editor/Editor.ts	1027	if (this.session) this.viewContributions.notify('document', null)	preserve	Source match; ownership and deletion decisions are in baseline-and-inventory.md
Editor	subscribe	view presentation	editor/packages/editor/src/editor/Editor.ts	1048	this.viewContributions.notify('document', null)	preserve	Source match; ownership and deletion decisions are in baseline-and-inventory.md
Editor	subscribe	view presentation	editor/packages/editor/src/editor/Editor.ts	1867	onDidChangeContentHeight(listener: (height: number) => void): EditorDisposable {	preserve	Source match; ownership and deletion decisions are in baseline-and-inventory.md
Editor	subscribe	view presentation	editor/packages/editor/src/editor/Editor.ts	2667	if (notify) contribution.handleEditorChange?.(null)	preserve	Source match; ownership and deletion decisions are in baseline-and-inventory.md
Editor	subscribe	view presentation	editor/packages/editor/src/editor/Editor.ts	2724	if (notify) contribution.handleEditorChange?.(null)	preserve	Source match; ownership and deletion decisions are in baseline-and-inventory.md
Editor	subscribe	view presentation	editor/packages/editor/src/editor/Editor.ts	3615	this.unsubscribeBufferChanges = bufferSession.buffer.subscribe((event) =>	preserve	Source match; ownership and deletion decisions are in baseline-and-inventory.md
Editor	subscribe	view presentation	editor/packages/editor/src/editor/Editor.ts	3997	this.viewContributions.notify(kind, change ?? null, also)	preserve	Source match; ownership and deletion decisions are in baseline-and-inventory.md
Editor	subscribe	view presentation	editor/packages/editor/src/editor/Editor.ts	4023	contribution.handleEditorChange?.(change)	preserve	Source match; ownership and deletion decisions are in baseline-and-inventory.md
Editor	subscribe	document contribution	editor/packages/editor/src/editor/documentAnalysis.ts	297	unsubscribe ??= buffer.subscribe((event) => {	2	Source match; ownership and deletion decisions are in baseline-and-inventory.md
Editor	subscribe	view presentation	editor/packages/editor/src/historyViewer.ts	137	this.unsubscribe = buffer.subscribe(() => this.refreshGraph())	preserve	Source match; ownership and deletion decisions are in baseline-and-inventory.md
Editor	subscribe	view presentation	editor/packages/editor/src/mergeConflictPlugin.ts	175	public handleEditorChange(change: EditorContributionChange | null): void {	5	Source match; ownership and deletion decisions are in baseline-and-inventory.md
Editor	subscribe	view presentation	editor/packages/editor/src/mergeConflictPlugin.ts	524	handleEditorChange: (change) => controller.handleEditorChange(change),	5	Source match; ownership and deletion decisions are in baseline-and-inventory.md
Editor	subscribe	view presentation	editor/packages/editor/src/plugins.ts	900	handleEditorChange?(change: EditorContributionChange | null): void	preserve	Source match; ownership and deletion decisions are in baseline-and-inventory.md
Editor	subscribe	view presentation	editor/packages/editor/src/plugins.ts	910	handleEditorChange?(change: EditorContributionChange | null): void	preserve	Source match; ownership and deletion decisions are in baseline-and-inventory.md
Editor	subscribe	domain adapter	editor/packages/lsp-plugin/src/bufferSync.ts	36	const unsubscribe = options.buffer.subscribe((event) =>	4	Source match; ownership and deletion decisions are in baseline-and-inventory.md
Editor	subscribe	domain adapter	editor/packages/lsp-plugin/src/document.ts	104	options.buffer.subscribe((event) => {	4	Source match; ownership and deletion decisions are in baseline-and-inventory.md
Editor	subscribe	view presentation	editor/examples/stress/src/consumers.ts	77	const unsubscribe = buffer.subscribe(({ change }) => {	preserve	Example or benchmark caller; preserve supported simple construction
Platform	subscribe	view presentation	apps/web/src/features/editor/hooks/use-document-feature-tier.ts	11	(notify: () => void) => buffer?.subscribe(notify) ?? (() => {}),	preserve	Source match; ownership and deletion decisions are in baseline-and-inventory.md
Platform	subscribe	host transaction policy	apps/web/src/features/editor/state/language-server-documents.ts	59	const unsubscribe = buffer.subscribe(({ change }) => {	4	Source match; ownership and deletion decisions are in baseline-and-inventory.md
Platform	subscribe	host transaction policy	apps/web/src/features/editor/state/workspace-document-service.ts	1440	const unsubscribe = document.buffer.subscribe((event) =>	preserve	Source match; ownership and deletion decisions are in baseline-and-inventory.md
Platform	subscribe	view presentation	apps/web/src/features/workbench/components/csv-history-action.tsx	21	const subscribe = useCallback((listener: () => void) => buffer.subscribe(listener), [buffer])	preserve	Source match; ownership and deletion decisions are in baseline-and-inventory.md
Platform	subscribe	view presentation	apps/web/src/features/workbench/components/csv-table.tsx	33	const subscribe = useCallback((listener: () => void) => buffer.subscribe(listener), [buffer])	preserve	Source match; ownership and deletion decisions are in baseline-and-inventory.md
Platform	subscribe	view presentation	apps/web/src/features/workbench/components/markdown-preview-pane.tsx	59	const subscribe = useCallback((listener: () => void) => buffer.subscribe(listener), [buffer])	preserve	Source match; ownership and deletion decisions are in baseline-and-inventory.md
Platform	subscribe	view presentation	apps/web/src/features/workbench/hooks/use-editor-visible-snapshot.ts	133	return buffer.subscribe(({ change }) => discardDirty(change.isDirty))	preserve	Source match; ownership and deletion decisions are in baseline-and-inventory.md
Editor	session	domain adapter	editor/packages/diff/src/diffSyntax.ts	371	const session = await service.createSession(document)	2	Includes declarations and borrowing; match count is not live session count
Editor	session	domain adapter	editor/packages/diff/src/diffSyntax.ts	470	createSession(document: DiffSyntaxDocument): Promise<DiffSyntaxServiceSession | null>	2	Includes declarations and borrowing; match count is not live session count
Editor	session	domain adapter	editor/packages/diff/src/diffSyntax.ts	491	createSession: async (document) => highlighterDiffSyntaxSession(provider, document),	2	Includes declarations and borrowing; match count is not live session count
Editor	session	domain adapter	editor/packages/diff/src/diffSyntax.ts	499	const session = provider.createSession(highlighterSessionOptions(document))	2	Includes declarations and borrowing; match count is not live session count
Editor	session	domain adapter	editor/packages/diff/src/diffSyntax.ts	512	createSession: async (document) => treeSitterDiffSyntaxSession(provider, document),	2	Includes declarations and borrowing; match count is not live session count
Editor	session	domain adapter	editor/packages/diff/src/diffSyntax.ts	520	const session = provider.createSession(syntaxSessionOptions(document))	2	Includes declarations and borrowing; match count is not live session count
Editor	session	document contribution	editor/packages/editor/src/editor/documentAnalysis.ts	59	borrowStructural(request: EditorAnalysisStructuralRequest): EditorRetainedSyntaxSession | null	2	Includes declarations and borrowing; match count is not live session count
Editor	session	document contribution	editor/packages/editor/src/editor/documentAnalysis.ts	60	borrowHighlighter(	2	Includes declarations and borrowing; match count is not live session count
Editor	session	document contribution	editor/packages/editor/src/editor/documentAnalysis.ts	282	export function createEditorDocumentAnalysis(options: {	2	Includes declarations and borrowing; match count is not live session count
Editor	session	document contribution	editor/packages/editor/src/editor/documentAnalysis.ts	305	borrowStructural(request) {	2	Includes declarations and borrowing; match count is not live session count
Editor	session	document contribution	editor/packages/editor/src/editor/documentAnalysis.ts	311	const session = request.provider.createSession({	2	Includes declarations and borrowing; match count is not live session count
Editor	session	document contribution	editor/packages/editor/src/editor/documentAnalysis.ts	331	borrowHighlighter(request) {	2	Includes declarations and borrowing; match count is not live session count
Editor	session	document contribution	editor/packages/editor/src/editor/documentAnalysis.ts	343	const session = request.provider.createSession({	2	Includes declarations and borrowing; match count is not live session count
Editor	session	document contribution	editor/packages/editor/src/editor/preparedDocument.ts	136	export function createEditorPreparedDocument(	2	Includes declarations and borrowing; match count is not live session count
Editor	session	document contribution	editor/packages/editor/src/editor/preparedDocument.ts	208	const structuralTransfer = borrowStructural(structural, expected, options.analysis)	2	Includes declarations and borrowing; match count is not live session count
Editor	session	document contribution	editor/packages/editor/src/editor/preparedDocument.ts	209	const highlighterTransfer = borrowHighlighter(highlighter, expected, options.analysis)	2	Includes declarations and borrowing; match count is not live session count
Editor	session	document contribution	editor/packages/editor/src/editor/preparedDocument.ts	383	const session = options.analysis.borrowStructural({	2	Includes declarations and borrowing; match count is not live session count
Editor	session	document contribution	editor/packages/editor/src/editor/preparedDocument.ts	424	const session = options.analysis.borrowHighlighter({	2	Includes declarations and borrowing; match count is not live session count
Editor	session	document contribution	editor/packages/editor/src/editor/preparedDocument.ts	537	function borrowStructural(	2	Includes declarations and borrowing; match count is not live session count
Editor	session	document contribution	editor/packages/editor/src/editor/preparedDocument.ts	550	const session = analysis.borrowStructural({	2	Includes declarations and borrowing; match count is not live session count
Editor	session	document contribution	editor/packages/editor/src/editor/preparedDocument.ts	581	function borrowHighlighter(	2	Includes declarations and borrowing; match count is not live session count
Editor	session	document contribution	editor/packages/editor/src/editor/preparedDocument.ts	591	const session = analysis.borrowHighlighter({	2	Includes declarations and borrowing; match count is not live session count
Editor	session	view presentation	editor/packages/editor/src/editor/runtime.ts	45	export function setEditorSyntaxSessionFactory(	2	Includes declarations and borrowing; match count is not live session count
Editor	session	document contribution	editor/packages/editor/src/editor/snippetTokensFeature.ts	92	(highlighter && opener.highlight((document) => highlighter.createSession(document))) ??	2	Includes declarations and borrowing; match count is not live session count
Editor	session	document contribution	editor/packages/editor/src/editor/snippetTokensFeature.ts	93	(syntax && opener.parse((options) => syntax.createSession(options)))	2	Includes declarations and borrowing; match count is not live session count
Editor	session	document contribution	editor/packages/editor/src/editor/snippetTokensFeature.ts	97	opener.highlight((document) => pluginHost.createHighlighterSession(document)) ??	2	Includes declarations and borrowing; match count is not live session count
Editor	session	document contribution	editor/packages/editor/src/editor/snippetTokensFeature.ts	98	opener.parse((options) => pluginHost.createSyntaxSession(options))	2	Includes declarations and borrowing; match count is not live session count
Editor	session	document contribution	editor/packages/editor/src/editor/syntaxController.ts	439	this.createHighlighterSession(	2	Includes declarations and borrowing; match count is not live session count
Editor	session	document contribution	editor/packages/editor/src/editor/syntaxController.ts	448	this.syntaxSession = prepared?.structural?.session ?? this.createSyntaxSession(document)	2	Includes declarations and borrowing; match count is not live session count
Editor	session	document contribution	editor/packages/editor/src/editor/syntaxController.ts	607	this.syntaxSession = this.createSyntaxSession({	2	Includes declarations and borrowing; match count is not live session count
Editor	session	document contribution	editor/packages/editor/src/editor/syntaxController.ts	805	this.highlighterSession = this.createHighlighterSession(	2	Includes declarations and borrowing; match count is not live session count
Editor	session	document contribution	editor/packages/editor/src/editor/syntaxController.ts	816	private createSyntaxSession(	2	Includes declarations and borrowing; match count is not live session count
Editor	session	document contribution	editor/packages/editor/src/editor/syntaxController.ts	835	? this.analysis.borrowStructural({	2	Includes declarations and borrowing; match count is not live session count
Editor	session	document contribution	editor/packages/editor/src/editor/syntaxController.ts	843	this.options.pluginHost.createSyntaxSession(sessionOptions) ??	2	Includes declarations and borrowing; match count is not live session count
Editor	session	document contribution	editor/packages/editor/src/editor/syntaxController.ts	967	this.syntaxSession = this.createSyntaxSession({	2	Includes declarations and borrowing; match count is not live session count
Editor	session	document contribution	editor/packages/editor/src/editor/syntaxController.ts	991	this.highlighterSession = this.createHighlighterSession(	2	Includes declarations and borrowing; match count is not live session count
Editor	session	document contribution	editor/packages/editor/src/editor/syntaxController.ts	1011	private createHighlighterSession(	2	Includes declarations and borrowing; match count is not live session count
Editor	session	document contribution	editor/packages/editor/src/editor/syntaxController.ts	1020	? this.analysis.borrowHighlighter({	2	Includes declarations and borrowing; match count is not live session count
Editor	session	document contribution	editor/packages/editor/src/editor/syntaxController.ts	1028	this.options.pluginHost.createHighlighterSession({	2	Includes declarations and borrowing; match count is not live session count
Editor	session	view presentation	editor/packages/editor/src/editor.ts	49	setEditorSyntaxSessionFactory,	2	Includes declarations and borrowing; match count is not live session count
Editor	session	view presentation	editor/packages/editor/src/plugins.ts	1393	public createHighlighterSession(	2	Includes declarations and borrowing; match count is not live session count
Editor	session	view presentation	editor/packages/editor/src/plugins.ts	1397	const session = provider.createSession(options)	2	Includes declarations and borrowing; match count is not live session count
Editor	session	view presentation	editor/packages/editor/src/plugins.ts	1423	public createSyntaxSession(options: EditorSyntaxSessionOptions): EditorSyntaxSession | null {	2	Includes declarations and borrowing; match count is not live session count
Editor	session	view presentation	editor/packages/editor/src/plugins.ts	1425	const session = provider.createSession(options)	2	Includes declarations and borrowing; match count is not live session count
Editor	session	view presentation	editor/packages/editor/src/public/testing.ts	4	setEditorSyntaxSessionFactory,	2	Includes declarations and borrowing; match count is not live session count
Editor	session	domain adapter	editor/packages/editor/src/shiki/plugin.ts	75	createSession: (sessionOptions) => createSession(sessionOptions, options, registrations, owner),	2	Includes declarations and borrowing; match count is not live session count
Editor	session	domain adapter	editor/packages/editor/src/shiki/plugin.ts	89	const createSession = (	2	Includes declarations and borrowing; match count is not live session count
Editor	session	domain adapter	editor/packages/editor/src/shiki/plugin.ts	102	return owner.createSession({	2	Includes declarations and borrowing; match count is not live session count
Editor	session	domain adapter	editor/packages/editor/src/shiki/workerClient.ts	144	public createSession(options: ShikiHighlighterSessionOptions): EditorHighlighterSession | null {	2	Includes declarations and borrowing; match count is not live session count
Editor	session	domain adapter	editor/packages/editor/src/shiki/workerClient.ts	284	new Worker(new URL('./shiki.worker.ts', import.meta.url), { type: 'module' })	2	Includes declarations and borrowing; match count is not live session count
Editor	session	view presentation	editor/packages/editor/src/syntax/highlighter.ts	32	createSession(options: EditorHighlighterSessionOptions): EditorHighlighterSession | null	2	Includes declarations and borrowing; match count is not live session count
Editor	session	view presentation	editor/packages/editor/src/syntax/session.ts	176	createSession(options: EditorSyntaxSessionOptions): EditorSyntaxSession | null	2	Includes declarations and borrowing; match count is not live session count
Editor	session	document contribution	editor/packages/highlighting/src/service.ts	407	const session = this.syntaxProvider().createSession({	2	Includes declarations and borrowing; match count is not live session count
Editor	session	domain adapter	editor/packages/lsp-plugin/src/document.ts	96	export function createLanguageServerDocument(	4	Includes declarations and borrowing; match count is not live session count
Editor	session	domain adapter	editor/packages/lsp-plugin/src/document.ts	100	return new LanguageServerDocument(	4	Includes declarations and borrowing; match count is not live session count
Editor	session	domain adapter	editor/packages/lsp-plugin/src/plugin.ts	473	new LanguageServerDocument(	4	Includes declarations and borrowing; match count is not live session count
Editor	session	document contribution	editor/packages/minimap/src/plugin.ts	99	this.client = new MinimapWorkerClient({	3	Includes declarations and borrowing; match count is not live session count
Editor	session	document contribution	editor/packages/minimap/src/workerClient.ts	122	new Worker(new URL('./minimap.worker.ts', import.meta.url), { type: 'module' })	3	Includes declarations and borrowing; match count is not live session count
Editor	session	view presentation	editor/packages/spellcheck/src/service.ts	90	new Worker(new URL('./spellcheck.worker.ts', import.meta.url), { type: 'module' })	preserve	Word-service worker; carries words, outside document source synchronization
Editor	session	domain adapter	editor/packages/tree-sitter/src/index.ts	140	createSession: (sessionOptions) => {	2	Includes declarations and borrowing; match count is not live session count
Editor	session	domain adapter	editor/packages/tree-sitter/src/index.ts	142	return new TreeSitterSyntaxSession({	2	Includes declarations and borrowing; match count is not live session count
Editor	session	domain adapter	editor/packages/tree-sitter/src/treeSitter/workerClient.ts	378	const handle = new Worker(new URL('./treeSitter.worker.ts', import.meta.url), {	2	Includes declarations and borrowing; match count is not live session count
Editor	session	domain adapter	editor/packages/typescript-lsp/src/workerOwner.ts	149	return new Worker(new URL('./typescriptLsp.worker.ts', import.meta.url), {	4	Includes declarations and borrowing; match count is not live session count
Editor	session	view presentation	editor/examples/stress/src/boundary.ts	118	activate: (context) => context.registerSyntaxProvider({ createSession: () => session }),	preserve	Example or benchmark caller; preserve supported simple construction
Editor	session	view presentation	editor/examples/stress/src/browser.ts	162	const analysis = createEditorDocumentAnalysis({ buffer, documentId: fixture })	preserve	Example or benchmark caller; preserve supported simple construction
Editor	session	view presentation	editor/examples/stress/src/browser.ts	203	const analysis = createEditorDocumentAnalysis({ buffer, documentId: fixture })	preserve	Example or benchmark caller; preserve supported simple construction
Editor	session	view presentation	editor/examples/stress/src/copies.ts	86	const session = owner.createSession({	preserve	Example or benchmark caller; preserve supported simple construction
Editor	session	view presentation	editor/examples/stress/src/copies.ts	141	const fresh = owner.createSession({	preserve	Example or benchmark caller; preserve supported simple construction
Editor	session	view presentation	editor/examples/stress/src/firstPaint.ts	137	prepared = createEditorPreparedDocument({	preserve	Example or benchmark caller; preserve supported simple construction
Editor	session	view presentation	editor/examples/stress/src/firstPaint.ts	139	analysis: createEditorDocumentAnalysis({ buffer, documentId: options.fixture }),	preserve	Example or benchmark caller; preserve supported simple construction
Editor	session	view presentation	editor/examples/stress/src/geometry.ts	157	activate: (context) => context.registerSyntaxProvider({ createSession: () => session }),	preserve	Example or benchmark caller; preserve supported simple construction
Platform	session	host transaction policy	apps/server/src/fs/native-watch-host.ts	75	const worker = new Worker(this.workerPath, options)	preserve	Host/demo messaging; outside document source synchronization
Platform	session	host transaction policy	apps/server/src/orchestration/decider.ts	1048	const createSession = command.bootstrap?.createSession	preserve	Agent session or command contract; outside document source synchronization
Platform	session	host transaction policy	apps/server/src/orchestration/decider.ts	1049	if (!createSession) return null	preserve	Agent session or command contract; outside document source synchronization
Platform	session	host transaction policy	apps/server/src/orchestration/decider.ts	1053	createSession.worktreeTarget,	preserve	Agent session or command contract; outside document source synchronization
Platform	session	host transaction policy	apps/server/src/orchestration/decider.ts	1063	...(createSession.agent ? { agent: createSession.agent } : {}),	preserve	Agent session or command contract; outside document source synchronization
Platform	session	host transaction policy	apps/server/src/orchestration/decider.ts	1065	interactionMode: createSession.interactionMode ?? DEFAULT_INTERACTION_MODE,	preserve	Agent session or command contract; outside document source synchronization
Platform	session	host transaction policy	apps/server/src/orchestration/decider.ts	1066	modelSelection: createSession.modelSelection,	preserve	Agent session or command contract; outside document source synchronization
Platform	session	host transaction policy	apps/server/src/orchestration/decider.ts	1067	worktreeId: createSession.worktreeTarget.worktreeId,	preserve	Agent session or command contract; outside document source synchronization
Platform	session	host transaction policy	apps/server/src/orchestration/decider.ts	1069	runtimeMode: createSession.runtimeMode ?? DEFAULT_RUNTIME_MODE,	preserve	Agent session or command contract; outside document source synchronization
Platform	session	host transaction policy	apps/server/src/orchestration/decider.ts	1071	title: createSession.title,	preserve	Agent session or command contract; outside document source synchronization
Platform	session	host transaction policy	apps/server/src/orchestration/engine.ts	416	? command.bootstrap?.createSession?.worktreeTarget	preserve	Agent session or command contract; outside document source synchronization
Platform	session	host transaction policy	apps/server/src/orchestration/engine.ts	812	const target = command.bootstrap?.createSession?.worktreeTarget	preserve	Agent session or command contract; outside document source synchronization
Platform	session	host transaction policy	apps/server/src/orchestration/rewind-admission.ts	21	const target = command.bootstrap?.createSession?.worktreeTarget	preserve	Agent session or command contract; outside document source synchronization
Platform	session	host transaction policy	apps/server/src/orchestration/worktree-command-preparation.ts	198	if (command.type === 'session.turn.start') return command.bootstrap?.createSession?.worktreeTarget	preserve	Agent session or command contract; outside document source synchronization
Platform	session	view presentation	apps/web/src/demo/state/orchestration.ts	109	this.createSession(command.sessionId, command)	preserve	Host/demo messaging; outside document source synchronization
Platform	session	view presentation	apps/web/src/demo/state/orchestration.ts	114	const create = command.bootstrap?.createSession	preserve	Host/demo messaging; outside document source synchronization
Platform	session	view presentation	apps/web/src/demo/state/orchestration.ts	116	this.createSession(command.sessionId, create)	preserve	Host/demo messaging; outside document source synchronization
Platform	session	view presentation	apps/web/src/demo/state/orchestration.ts	124	private createSession(	preserve	Host/demo messaging; outside document source synchronization
Platform	session	view presentation	apps/web/src/features/chat/components/chat-draft-view.tsx	324	that creates the session carries it through `bootstrap.createSession`. */}	preserve	Agent session or command contract; outside document source synchronization
Platform	session	view presentation	apps/web/src/features/chat/providers/composer-modes-provider.tsx	38	* session carries it through `bootstrap.createSession`.	preserve	Agent session or command contract; outside document source synchronization
Platform	session	view presentation	apps/web/src/features/chat/utils/command-dispatch.ts	108	const bootstrap = command.bootstrap?.createSession	preserve	Agent session or command contract; outside document source synchronization
Platform	session	host transaction policy	apps/web/src/features/editor/state/workspace-document-service.ts	451	analysis: createEditorDocumentAnalysis({ buffer, documentId: key }),	preserve	Includes declarations and borrowing; match count is not live session count
Platform	session	host transaction policy	apps/web/src/features/editor/state/workspace-document-service.ts	1028	analysis: createEditorDocumentAnalysis({ buffer, documentId: document.key }),	preserve	Includes declarations and borrowing; match count is not live session count
Platform	session	host transaction policy	apps/web/src/features/editor/state/workspace-document-service.ts	1219	createEditorDocumentAnalysis({ buffer, documentId: documentKey(target) }),	preserve	Includes declarations and borrowing; match count is not live session count
Platform	session	host transaction policy	apps/web/src/features/editor/state/workspace-document-service.ts	1240	analysis: createEditorDocumentAnalysis({ buffer, documentId: documentKey(input.target) }),	preserve	Includes declarations and borrowing; match count is not live session count
Platform	session	host transaction policy	apps/web/src/features/editor/state/workspace-document-service.ts	1412	analysis: createEditorDocumentAnalysis({	preserve	Includes declarations and borrowing; match count is not live session count
Platform	session	view presentation	apps/web/src/features/editor/utils/language-server-plugin.ts	205	document: createLanguageServerDocument({	4	Includes declarations and borrowing; match count is not live session count
Platform	session	view presentation	apps/web/src/features/editor/utils/prepared-document.ts	126	analysis: EditorDocumentAnalysis = createEditorDocumentAnalysis({ buffer, documentId }),	2	Includes declarations and borrowing; match count is not live session count
Platform	session	view presentation	apps/web/src/features/editor/utils/prepared-document.ts	134	return createEditorPreparedDocument({	2	Includes declarations and borrowing; match count is not live session count
Platform	session	domain adapter	apps/web/src/features/search/state/result-syntax-cache.ts	77	const session = this.provider.createSession({	2	Includes declarations and borrowing; match count is not live session count
Platform	session	domain adapter	apps/web/src/features/search/utils/result-syntax-plugin.ts	46	createSession: (options) => {	2	Includes declarations and borrowing; match count is not live session count
Platform	session	view presentation	packages/client-core/src/chat/commands.ts	255	createSession: {	preserve	Agent session or command contract; outside document source synchronization
Platform	session	host transaction policy	packages/contracts/src/command-summary.ts	15	summary.bootstrapCreateSession = Boolean(command.bootstrap?.createSession)	preserve	Agent session or command contract; outside document source synchronization
Platform	session	host transaction policy	packages/contracts/src/command-summary.ts	20	summary.worktreeId = command.bootstrap?.createSession?.worktreeTarget.worktreeId	preserve	Agent session or command contract; outside document source synchronization
Platform	session	host transaction policy	packages/contracts/src/orchestration-commands.ts	138	createSession: v.optional(sessionTurnBootstrapCreateSessionSchema),	preserve	Agent session or command contract; outside document source synchronization
Editor	message	domain adapter	editor/packages/editor/src/shiki/shiki.worker.ts	368	workerScope.postMessage(response)	2	Source match; ownership and deletion decisions are in baseline-and-inventory.md
Editor	message	domain adapter	editor/packages/editor/src/shiki/shiki.worker.ts	371	workerScope.postMessage(response, transfers)	2	Source match; ownership and deletion decisions are in baseline-and-inventory.md
Editor	message	domain adapter	editor/packages/editor/src/shiki/workerClient.ts	223	this.postRequest({ type: 'disposeDocument', runtimeSessionId }, false).then(() => undefined),	2	Source match; ownership and deletion decisions are in baseline-and-inventory.md
Editor	message	domain adapter	editor/packages/editor/src/shiki/workerClient.ts	231	await this.postRequest({ type: 'runtimeBarrier', runtimeSessionId }, false)	2	Source match; ownership and deletion decisions are in baseline-and-inventory.md
Editor	message	domain adapter	editor/packages/editor/src/shiki/workerClient.ts	305	handle.postMessage(request)	2	Source match; ownership and deletion decisions are in baseline-and-inventory.md
Editor	message	domain adapter	editor/packages/editor/src/shiki/workerClient.ts	440	type: 'open',	2	Source match; ownership and deletion decisions are in baseline-and-inventory.md
Editor	message	domain adapter	editor/packages/editor/src/shiki/workerClient.ts	578	type: 'open',	2	Source match; ownership and deletion decisions are in baseline-and-inventory.md
Editor	message	domain adapter	editor/packages/editor/src/shiki/workerClient.ts	590	type: 'edit',	2	Source match; ownership and deletion decisions are in baseline-and-inventory.md
Editor	message	domain adapter	editor/packages/editor/src/shiki/workerTypes.ts	36	readonly type: 'open'	2	Source match; ownership and deletion decisions are in baseline-and-inventory.md
Editor	message	domain adapter	editor/packages/editor/src/shiki/workerTypes.ts	43	readonly type: 'edit'	2	Source match; ownership and deletion decisions are in baseline-and-inventory.md
Editor	message	domain adapter	editor/packages/editor/src/shiki/workerTypes.ts	59	readonly type: 'disposeDocument'	2	Source match; ownership and deletion decisions are in baseline-and-inventory.md
Editor	message	domain adapter	editor/packages/editor/src/shiki/workerTypes.ts	64	readonly type: 'runtimeBarrier'	2	Source match; ownership and deletion decisions are in baseline-and-inventory.md
Editor	message	domain adapter	editor/packages/lsp/src/client.ts	203	this.trySendNotification('textDocument/didOpen', {	4	Source match; ownership and deletion decisions are in baseline-and-inventory.md
Editor	message	domain adapter	editor/packages/lsp/src/client.ts	218	this.trySendNotification('textDocument/didChange', {	4	Source match; ownership and deletion decisions are in baseline-and-inventory.md
Editor	message	domain adapter	editor/packages/lsp/src/client.ts	229	this.trySendNotification('textDocument/didSave', {	4	Source match; ownership and deletion decisions are in baseline-and-inventory.md
Editor	message	domain adapter	editor/packages/lsp/src/client.ts	240	this.trySendNotification('textDocument/didClose', {	4	Source match; ownership and deletion decisions are in baseline-and-inventory.md
Editor	message	domain adapter	editor/packages/lsp/src/transports.ts	37	addEventListener(type: 'open', handler: EventListener): void	4	Source match; ownership and deletion decisions are in baseline-and-inventory.md
Editor	message	domain adapter	editor/packages/lsp/src/transports.ts	41	removeEventListener(type: 'open', handler: EventListener): void	4	Source match; ownership and deletion decisions are in baseline-and-inventory.md
Editor	message	domain adapter	editor/packages/lsp/src/transports.ts	196	this.worker.postMessage(this.encodeMessage(message))	4	Source match; ownership and deletion decisions are in baseline-and-inventory.md
Editor	message	document contribution	editor/packages/minimap/src/minimap.worker.ts	84	globalThis.postMessage(response)	3	Source match; ownership and deletion decisions are in baseline-and-inventory.md
Editor	message	document contribution	editor/packages/minimap/src/types.ts	177	| { readonly type: 'openDocument'; readonly document: MinimapDocumentPayload }	3	Source match; ownership and deletion decisions are in baseline-and-inventory.md
Editor	message	document contribution	editor/packages/minimap/src/types.ts	178	| { readonly type: 'replaceDocument'; readonly document: MinimapDocumentPayload }	3	Source match; ownership and deletion decisions are in baseline-and-inventory.md
Editor	message	document contribution	editor/packages/minimap/src/types.ts	180	readonly type: 'applyEdit'	3	Source match; ownership and deletion decisions are in baseline-and-inventory.md
Editor	message	document contribution	editor/packages/minimap/src/types.ts	185	readonly type: 'applyEdits'	3	Source match; ownership and deletion decisions are in baseline-and-inventory.md
Editor	message	document contribution	editor/packages/minimap/src/workerClient.ts	140	handle.postMessage(request, transfer)	3	Source match; ownership and deletion decisions are in baseline-and-inventory.md
Editor	message	document contribution	editor/packages/minimap/src/workerClient.ts	144	handle.postMessage(request)	3	Source match; ownership and deletion decisions are in baseline-and-inventory.md
Editor	message	document contribution	editor/packages/minimap/src/workerClient.ts	345	this.post({ type: 'openDocument', document: this.trackedDocumentPayload(snapshot) })	3	Source match; ownership and deletion decisions are in baseline-and-inventory.md
Editor	message	document contribution	editor/packages/minimap/src/workerClient.ts	467	this.post({ type: 'replaceDocument', document: this.trackedDocumentPayload(snapshot) })	3	Source match; ownership and deletion decisions are in baseline-and-inventory.md
Editor	message	document contribution	editor/packages/minimap/src/workerClient.ts	502	this.post({ type: 'applyEdit', edit: update.edits[0]!, document })	3	Source match; ownership and deletion decisions are in baseline-and-inventory.md
Editor	message	document contribution	editor/packages/minimap/src/workerClient.ts	506	this.post({ type: 'applyEdits', edits: update.edits, document })	3	Source match; ownership and deletion decisions are in baseline-and-inventory.md
Editor	message	document contribution	editor/packages/minimap/src/workerClient.ts	1755	type: 'edit',	3	Source match; ownership and deletion decisions are in baseline-and-inventory.md
Editor	message	view presentation	editor/packages/spellcheck/src/service.ts	46	this.worker.postMessage({ type: 'setAcceptedWords', words })	preserve	Word-service worker; carries words, outside document source synchronization
Editor	message	view presentation	editor/packages/spellcheck/src/service.ts	78	this.ensureWorker().postMessage(build(id))	preserve	Word-service worker; carries words, outside document source synchronization
Editor	message	view presentation	editor/packages/spellcheck/src/service.ts	96	worker.postMessage({ type: 'setAcceptedWords', words: this.acceptedWords })	preserve	Word-service worker; carries words, outside document source synchronization
Editor	message	view presentation	editor/packages/spellcheck/src/spellcheck.worker.ts	45	scope.postMessage(response)	preserve	Word-service worker; carries words, outside document source synchronization
Editor	message	domain adapter	editor/packages/tree-sitter/src/treeSitter/types.ts	123	readonly type: 'parse'	2	Source match; ownership and deletion decisions are in baseline-and-inventory.md
Editor	message	domain adapter	editor/packages/tree-sitter/src/treeSitter/types.ts	137	readonly type: 'edit'	2	Source match; ownership and deletion decisions are in baseline-and-inventory.md
Editor	message	domain adapter	editor/packages/tree-sitter/src/treeSitter/types.ts	154	readonly type: 'queryRange'	2	Source match; ownership and deletion decisions are in baseline-and-inventory.md
Editor	message	domain adapter	editor/packages/tree-sitter/src/treeSitter/types.ts	192	readonly type: 'disposeDocument'	2	Source match; ownership and deletion decisions are in baseline-and-inventory.md
Editor	message	domain adapter	editor/packages/tree-sitter/src/treeSitter/types.ts	197	readonly type: 'runtimeBarrier'	2	Source match; ownership and deletion decisions are in baseline-and-inventory.md
Editor	message	domain adapter	editor/packages/tree-sitter/src/treeSitter/workerClient.ts	231	type: 'parse',	2	Source match; ownership and deletion decisions are in baseline-and-inventory.md
Editor	message	domain adapter	editor/packages/tree-sitter/src/treeSitter/workerClient.ts	267	type: 'edit',	2	Source match; ownership and deletion decisions are in baseline-and-inventory.md
Editor	message	domain adapter	editor/packages/tree-sitter/src/treeSitter/workerClient.ts	295	type: 'queryRange',	2	Source match; ownership and deletion decisions are in baseline-and-inventory.md
Editor	message	domain adapter	editor/packages/tree-sitter/src/treeSitter/workerClient.ts	330	await this.postRequest({ type: 'disposeDocument', runtimeSessionId }, false)	2	Source match; ownership and deletion decisions are in baseline-and-inventory.md
Editor	message	domain adapter	editor/packages/tree-sitter/src/treeSitter/workerClient.ts	339	await this.postRequest({ type: 'runtimeBarrier', runtimeSessionId }, false)	2	Source match; ownership and deletion decisions are in baseline-and-inventory.md
Editor	message	domain adapter	editor/packages/tree-sitter/src/treeSitter/workerClient.ts	428	handle.postMessage(request)	2	Source match; ownership and deletion decisions are in baseline-and-inventory.md
Editor	message	domain adapter	editor/packages/typescript-lsp/src/server.ts	38	worker.postMessage(decodeSocketMessage(message))	4	Source match; ownership and deletion decisions are in baseline-and-inventory.md
Editor	message	domain adapter	editor/packages/typescript-lsp/src/typescriptLsp.worker.ts	5	post: (message) => workerGlobal.postMessage(message),	4	Source match; ownership and deletion decisions are in baseline-and-inventory.md
Editor	message	domain adapter	editor/packages/typescript-lsp/src/worker/session.ts	336	if (message.method === 'textDocument/didOpen') return handleDidOpen(message.params)	4	Source match; ownership and deletion decisions are in baseline-and-inventory.md
Editor	message	domain adapter	editor/packages/typescript-lsp/src/worker/session.ts	337	if (message.method === 'textDocument/didChange') return handleDidChange(message.params)	4	Source match; ownership and deletion decisions are in baseline-and-inventory.md
Editor	message	domain adapter	editor/packages/typescript-lsp/src/worker/session.ts	338	if (message.method === 'textDocument/didClose') return handleDidClose(message.params)	4	Source match; ownership and deletion decisions are in baseline-and-inventory.md
Editor	message	domain adapter	editor/packages/typescript-lsp/src/workerOwner.ts	52	handle.postMessage(message)	4	Source match; ownership and deletion decisions are in baseline-and-inventory.md
Editor	message	view presentation	editor/examples/stress/input-worker-proof.mjs	158	return super.postMessage(sent, ...options)	preserve	Example or benchmark caller; preserve supported simple construction
Platform	message	view presentation	apps/desktop/src/launcher/shell-bridge.ts	61	const send = body => { webkit.messageHandlers.platformShell.postMessage(body); };	preserve	Source match; ownership and deletion decisions are in baseline-and-inventory.md
Platform	message	host transaction policy	apps/server/src/fs/native-watch-host.ts	68	this.ensureWorker().postMessage(request)	preserve	Host/demo messaging; outside document source synchronization
Platform	message	domain adapter	apps/server/src/lsp/proxy-session.ts	1175	if (message.method === 'textDocument/didOpen') return this.handleDidOpen(connection, message)	4	Source match; ownership and deletion decisions are in baseline-and-inventory.md
Platform	message	domain adapter	apps/server/src/lsp/proxy-session.ts	1176	if (message.method === 'textDocument/didChange')	4	Source match; ownership and deletion decisions are in baseline-and-inventory.md
Platform	message	domain adapter	apps/server/src/lsp/proxy-session.ts	1178	if (message.method === 'textDocument/didClose') return this.handleDidClose(connection, message)	4	Source match; ownership and deletion decisions are in baseline-and-inventory.md
Platform	message	domain adapter	apps/server/src/lsp/proxy-session.ts	1397	method: 'textDocument/didClose',	4	Source match; ownership and deletion decisions are in baseline-and-inventory.md
Platform	message	domain adapter	apps/server/src/lsp/proxy-session.ts	1407	method: 'textDocument/didChange',	4	Source match; ownership and deletion decisions are in baseline-and-inventory.md
Platform	message	domain adapter	apps/tui/src/viewer/state/lsp.ts	106	await client.notify('textDocument/didOpen', {	preserve	Terminal viewer owns separate text; outside Editor buffer runtime
Platform	message	domain adapter	apps/tui/src/viewer/state/lsp.ts	148	.notify('textDocument/didClose', { textDocument: { uri } })	preserve	Terminal viewer owns separate text; outside Editor buffer runtime
Platform	message	view presentation	apps/web/src/demo-entry.ts	60	parent.postMessage({ type: 'fregat-demo-ready' }, parentOrigin)	preserve	Host/demo messaging; outside document source synchronization
Platform	message	view presentation	apps/web/src/demo-entry.ts	72	parent.postMessage({ type: 'fregat-demo-error', message }, parentOrigin)	preserve	Host/demo messaging; outside document source synchronization
Platform	message	host transaction policy	apps/web/src/lib/document-symbols.ts	187	method: 'textDocument/didOpen',	4	Source match; ownership and deletion decisions are in baseline-and-inventory.md
Editor	materialize	domain adapter	editor/packages/diff/src/editorDiffPlugin.ts	446	const file = createTextDiff({	5	Source match; ownership and deletion decisions are in baseline-and-inventory.md
Editor	materialize	domain adapter	editor/packages/diff/src/editorDiffPlugin.ts	504	return context.materializeFullText()	5	Source match; ownership and deletion decisions are in baseline-and-inventory.md
Editor	materialize	domain adapter	editor/packages/diff/src/model.ts	51	export function createTextDiff(options: CreateTextDiffOptions): DiffFile {	preserve	Source match; ownership and deletion decisions are in baseline-and-inventory.md
Editor	materialize	view presentation	editor/packages/editor/src/documentSelectionEdits.ts	313	const prefix = readPieceTableTextRange(snapshot, start, Math.min(end, start + tabSize))	preserve	Source match; ownership and deletion decisions are in baseline-and-inventory.md
Editor	materialize	view presentation	editor/packages/editor/src/documentSelectionEdits.ts	388	const text = readPieceTableTextRange(snapshot, windowStart, offset)	preserve	Source match; ownership and deletion decisions are in baseline-and-inventory.md
Editor	materialize	view presentation	editor/packages/editor/src/documentSelectionEdits.ts	411	const indent = readPieceTableTextRange(snapshot, offset - column, offset)	preserve	Source match; ownership and deletion decisions are in baseline-and-inventory.md
Editor	materialize	core mutation	editor/packages/editor/src/documentSession.ts	123	materializeFullText(): string	preserve	Source match; ownership and deletion decisions are in baseline-and-inventory.md
Editor	materialize	core mutation	editor/packages/editor/src/documentSession.ts	234	materializeFullText(): string	preserve	Source match; ownership and deletion decisions are in baseline-and-inventory.md
Editor	materialize	core mutation	editor/packages/editor/src/documentSession.ts	853	public materializeFullText(): string {	preserve	Source match; ownership and deletion decisions are in baseline-and-inventory.md
Editor	materialize	core mutation	editor/packages/editor/src/documentSession.ts	854	return this.textSnapshot.materializeFullText()	preserve	Source match; ownership and deletion decisions are in baseline-and-inventory.md
Editor	materialize	core mutation	editor/packages/editor/src/documentSession.ts	939	const edit = diffPieceTableSnapshots(from, next.current)	preserve	Source match; ownership and deletion decisions are in baseline-and-inventory.md
Editor	materialize	core mutation	editor/packages/editor/src/documentSession.ts	1030	const dirty = !pieceTableSnapshotsHaveSameText(snapshot, this.cleanSnapshot)	preserve	Source match; ownership and deletion decisions are in baseline-and-inventory.md
Editor	materialize	core mutation	editor/packages/editor/src/documentSession.ts	2006	public materializeFullText(): string {	preserve	Source match; ownership and deletion decisions are in baseline-and-inventory.md
Editor	materialize	core mutation	editor/packages/editor/src/documentSession.ts	2007	return this.buffer.materializeFullText()	preserve	Source match; ownership and deletion decisions are in baseline-and-inventory.md
Editor	materialize	core mutation	editor/packages/editor/src/documentSession.ts	2168	public materializeFullText(): string {	preserve	Source match; ownership and deletion decisions are in baseline-and-inventory.md
Editor	materialize	core mutation	editor/packages/editor/src/documentSession.ts	2169	return this.textSnapshot.materializeFullText()	preserve	Source match; ownership and deletion decisions are in baseline-and-inventory.md
Editor	materialize	core mutation	editor/packages/editor/src/documentSession.ts	2510	const hasTextChange = !pieceTableSnapshotsHaveSameText(snapshotBefore, candidate)	preserve	Source match; ownership and deletion decisions are in baseline-and-inventory.md
Editor	materialize	core mutation	editor/packages/editor/src/documentSession.ts	2639	? diffPieceTableSnapshots(snapshotAfter, snapshotBefore)	preserve	Source match; ownership and deletion decisions are in baseline-and-inventory.md
Editor	materialize	core mutation	editor/packages/editor/src/documentSession.ts	2640	: diffPieceTableSnapshots(snapshotBefore, snapshotAfter)	preserve	Source match; ownership and deletion decisions are in baseline-and-inventory.md
Editor	materialize	core mutation	editor/packages/editor/src/documentSession.ts	2869	const text = readPieceTableTextRange(snapshot, edit.from, edit.to)	preserve	Source match; ownership and deletion decisions are in baseline-and-inventory.md
Editor	materialize	view presentation	editor/packages/editor/src/documentTextSnapshot.ts	42	forEachTextChunk(visit: (text: string, start: number, end: number) => void): void	preserve	Source match; ownership and deletion decisions are in baseline-and-inventory.md
Editor	materialize	view presentation	editor/packages/editor/src/documentTextSnapshot.ts	47	materializeFullText(): string	preserve	Source match; ownership and deletion decisions are in baseline-and-inventory.md
Editor	materialize	view presentation	editor/packages/editor/src/documentTextSnapshot.ts	98	return measureString(snapshot.readRange(start, end))	preserve	Source match; ownership and deletion decisions are in baseline-and-inventory.md
Editor	materialize	view presentation	editor/packages/editor/src/documentTextSnapshot.ts	107	forEachTextInRange(snapshot.root, snapshot.buffers, start, end, (text, from, to, owner) => {	preserve	Source match; ownership and deletion decisions are in baseline-and-inventory.md
Editor	materialize	view presentation	editor/packages/editor/src/documentTextSnapshot.ts	152	materializeFullText(): string {	preserve	Source match; ownership and deletion decisions are in baseline-and-inventory.md
Editor	materialize	view presentation	editor/packages/editor/src/documentTextSnapshot.ts	162	() => materializePieceTableFullText(this.snapshot),	preserve	Source match; ownership and deletion decisions are in baseline-and-inventory.md
Editor	materialize	view presentation	editor/packages/editor/src/documentTextSnapshot.ts	180	if (!readsFullText) return readPieceTableTextRange(this.snapshot, start, end)	preserve	Source match; ownership and deletion decisions are in baseline-and-inventory.md
Editor	materialize	view presentation	editor/packages/editor/src/documentTextSnapshot.ts	183	() => readPieceTableTextRange(this.snapshot, start, end),	preserve	Source match; ownership and deletion decisions are in baseline-and-inventory.md
Editor	materialize	view presentation	editor/packages/editor/src/documentTextSnapshot.ts	188	forEachTextChunk(visit: (text: string, start: number, end: number) => void): void {	preserve	Source match; ownership and deletion decisions are in baseline-and-inventory.md
Editor	materialize	view presentation	editor/packages/editor/src/documentTextSnapshot.ts	192	streamPieceTableTextChunks(this.snapshot, (text, start, end) => {	preserve	Source match; ownership and deletion decisions are in baseline-and-inventory.md
Editor	materialize	view presentation	editor/packages/editor/src/documentTextSnapshot.ts	256	materializeFullText(): string {	preserve	Source match; ownership and deletion decisions are in baseline-and-inventory.md
Editor	materialize	view presentation	editor/packages/editor/src/documentTextSnapshot.ts	267	forEachTextChunk(visit: (text: string, start: number, end: number) => void): void {	preserve	Source match; ownership and deletion decisions are in baseline-and-inventory.md
Editor	materialize	view presentation	editor/packages/editor/src/documentTextSnapshot.ts	327	(from, to) => source.readRange(start + from, start + to),	preserve	Source match; ownership and deletion decisions are in baseline-and-inventory.md
Editor	materialize	view presentation	editor/packages/editor/src/editor/Editor.ts	1739	materializeFullText(): string {	preserve	Source match; ownership and deletion decisions are in baseline-and-inventory.md
Editor	materialize	view presentation	editor/packages/editor/src/editor/Editor.ts	1740	return this.getTextSnapshot().materializeFullText()	preserve	Source match; ownership and deletion decisions are in baseline-and-inventory.md
Editor	materialize	view presentation	editor/packages/editor/src/editor/Editor.ts	3462	materializeFullText: () => this.contributionTextSnapshot().materializeFullText(),	preserve	Source match; ownership and deletion decisions are in baseline-and-inventory.md
Editor	materialize	view presentation	editor/packages/editor/src/editor/Editor.ts	3487	materializeFullText: () => this.contributionTextSnapshot().materializeFullText(),	preserve	Source match; ownership and deletion decisions are in baseline-and-inventory.md
Editor	materialize	view presentation	editor/packages/editor/src/editor/Editor.ts	3512	materializeFullText: () => this.contributionTextSnapshot().materializeFullText(),	preserve	Source match; ownership and deletion decisions are in baseline-and-inventory.md
Editor	materialize	view presentation	editor/packages/editor/src/editor/Editor.ts	5177	return countLineBreaks(edit.text) - countLineBreaks(previousText.readRange(edit.from, edit.to))	preserve	Source match; ownership and deletion decisions are in baseline-and-inventory.md
Editor	materialize	view presentation	editor/packages/editor/src/editor/autoCloseStore.ts	100	return readPieceTableTextRange(snapshot, offset, offset + 1)	preserve	Source match; ownership and deletion decisions are in baseline-and-inventory.md
Editor	materialize	document contribution	editor/packages/editor/src/editor/documentAnalysis.ts	252	const state = this.readRange(range)	2	Source match; ownership and deletion decisions are in baseline-and-inventory.md
Editor	materialize	document contribution	editor/packages/editor/src/editor/documentAnalysis.ts	260	const current = this.readRange(range)	2	Source match; ownership and deletion decisions are in baseline-and-inventory.md
Editor	materialize	document contribution	editor/packages/editor/src/editor/documentAnalysis.ts	406	const state = entry.readRange(demand)	2	Source match; ownership and deletion decisions are in baseline-and-inventory.md
Editor	materialize	document contribution	editor/packages/editor/src/editor/documentAnalysis.ts	410	const state = entry.readRange(demand)	2	Source match; ownership and deletion decisions are in baseline-and-inventory.md
Editor	materialize	document contribution	editor/packages/editor/src/editor/documentAnalysis.ts	417	: entry.readRange(range ?? demand),	2	Source match; ownership and deletion decisions are in baseline-and-inventory.md
Editor	materialize	view presentation	editor/packages/editor/src/editor/editActions.ts	348	source.forEachTextChunk((text, start) => scan.feed(text, start))	preserve	Source match; ownership and deletion decisions are in baseline-and-inventory.md
Editor	materialize	view presentation	editor/packages/editor/src/editor/editActions.ts	481	const slice = source.readRange(selection.startOffset, selection.endOffset)	preserve	Source match; ownership and deletion decisions are in baseline-and-inventory.md
Editor	materialize	view presentation	editor/packages/editor/src/editor/folds.ts	262	return text.readRange(start, end)	preserve	Source match; ownership and deletion decisions are in baseline-and-inventory.md
Editor	materialize	view presentation	editor/packages/editor/src/editor/ghostText.ts	86	const changes = ghostTextDiff(source.readRange(edit.from, edit.to), edit.text)	preserve	Source match; ownership and deletion decisions are in baseline-and-inventory.md
Editor	materialize	view presentation	editor/packages/editor/src/editor/ghostText.ts	235	const replaced = source.readRange(from, to)	preserve	Source match; ownership and deletion decisions are in baseline-and-inventory.md
Editor	materialize	view presentation	editor/packages/editor/src/editor/ghostText.ts	255	const replacedIndentation = source.readRange(edit.from, indentEnd)	preserve	Source match; ownership and deletion decisions are in baseline-and-inventory.md
Editor	materialize	view presentation	editor/packages/editor/src/editor/indentationFoldFacts.ts	74	snapshot.forEachTextChunk((text, start, end) => chunks.push({ text, start, end }))	preserve	Source match; ownership and deletion decisions are in baseline-and-inventory.md
Editor	materialize	view presentation	editor/packages/editor/src/editor/input.ts	230	const pretext = readPieceTableTextRange(snapshot, pretextStart, start)	preserve	Source match; ownership and deletion decisions are in baseline-and-inventory.md
Editor	materialize	view presentation	editor/packages/editor/src/editor/input.ts	231	const posttext = readPieceTableTextRange(snapshot, end, posttextEnd)	preserve	Source match; ownership and deletion decisions are in baseline-and-inventory.md
Editor	materialize	view presentation	editor/packages/editor/src/editor/input.ts	292	: readPieceTableTextRange(snapshot, start, end)	preserve	Source match; ownership and deletion decisions are in baseline-and-inventory.md
Editor	materialize	view presentation	editor/packages/editor/src/editor/input.ts	312	return `${readPieceTableTextRange(snapshot, start, head)}${ELLIPSIS}${readPieceTableTextRange(snapshot, tail, end)}`	preserve	Source match; ownership and deletion decisions are in baseline-and-inventory.md
Editor	materialize	view presentation	editor/packages/editor/src/editor/inputSelectionController.ts	530	const text = readPieceTableTextRange(snapshot, from, offset)	preserve	Source match; ownership and deletion decisions are in baseline-and-inventory.md
Editor	materialize	view presentation	editor/packages/editor/src/editor/inputSelectionController.ts	560	const read = (from: number, to: number) => readPieceTableTextRange(snapshot, from, to)	preserve	Source match; ownership and deletion decisions are in baseline-and-inventory.md
Editor	materialize	view presentation	editor/packages/editor/src/editor/inputSelectionController.ts	633	const read = (from: number, to: number) => readPieceTableTextRange(snapshot, from, to)	preserve	Source match; ownership and deletion decisions are in baseline-and-inventory.md
Editor	materialize	view presentation	editor/packages/editor/src/editor/inputSelectionController.ts	719	lineTextAfterCaret: readPieceTableTextRange(	preserve	Source match; ownership and deletion decisions are in baseline-and-inventory.md
Editor	materialize	view presentation	editor/packages/editor/src/editor/inputSelectionController.ts	768	return readPieceTableTextRange(snapshot, caret - point.column, caret)	preserve	Source match; ownership and deletion decisions are in baseline-and-inventory.md
Editor	materialize	view presentation	editor/packages/editor/src/editor/inputSelectionController.ts	776	return start >= end ? '' : readPieceTableTextRange(snapshot, start, end)	preserve	Source match; ownership and deletion decisions are in baseline-and-inventory.md
Editor	materialize	view presentation	editor/packages/editor/src/editor/inputSelectionController.ts	840	textAfter: caret >= lineEnd ? '' : readPieceTableTextRange(snapshot, caret, lineEnd),	preserve	Source match; ownership and deletion decisions are in baseline-and-inventory.md
Editor	materialize	view presentation	editor/packages/editor/src/editor/inputSelectionController.ts	842	point.column === 0 ? '' : readPieceTableTextRange(snapshot, caret - point.column, caret),	preserve	Source match; ownership and deletion decisions are in baseline-and-inventory.md
Editor	materialize	view presentation	editor/packages/editor/src/editor/inputSelectionController.ts	917	selectedText: readPieceTableTextRange(snapshot, selection.startOffset, selection.endOffset),	preserve	Source match; ownership and deletion decisions are in baseline-and-inventory.md
Editor	materialize	view presentation	editor/packages/editor/src/editor/inputSelectionController.ts	2492	readPieceTableTextRange(session.getSnapshot(), drag.source.start, drag.source.end),	preserve	Source match; ownership and deletion decisions are in baseline-and-inventory.md
Editor	materialize	view presentation	editor/packages/editor/src/editor/inputSelectionController.ts	2829	text: readPieceTableTextRange(snapshot, selection.startOffset, selection.endOffset),	preserve	Source match; ownership and deletion decisions are in baseline-and-inventory.md
Editor	materialize	view presentation	editor/packages/editor/src/editor/inputSelectionController.ts	3446	text: readPieceTableTextRange(snapshot, selection.startOffset, selection.endOffset),	preserve	Source match; ownership and deletion decisions are in baseline-and-inventory.md
Editor	materialize	view presentation	editor/packages/editor/src/editor/lineMap.ts	88	return this.source.readRange(from, to)	preserve	Source match; ownership and deletion decisions are in baseline-and-inventory.md
Editor	materialize	view presentation	editor/packages/editor/src/editor/lineMap.ts	157	const text = source.readRange(start, end)	preserve	Source match; ownership and deletion decisions are in baseline-and-inventory.md
Editor	materialize	view presentation	editor/packages/editor/src/editor/navigationTargets.ts	104	cached = { start, text: textSnapshot.readRange(start, end) }	preserve	Source match; ownership and deletion decisions are in baseline-and-inventory.md
Editor	materialize	view presentation	editor/packages/editor/src/editor/occurrences.ts	49	const query = source.readRange(selection.startOffset, selection.endOffset)	preserve	Source match; ownership and deletion decisions are in baseline-and-inventory.md
Editor	materialize	view presentation	editor/packages/editor/src/editor/occurrences.ts	56	return { query: source.readRange(range.start, range.end), range }	preserve	Source match; ownership and deletion decisions are in baseline-and-inventory.md
Editor	materialize	view presentation	editor/packages/editor/src/editor/occurrences.ts	146	text: source.readRange(readStart, Math.min(source.length, end + query.length + 1)),	preserve	Source match; ownership and deletion decisions are in baseline-and-inventory.md
Editor	materialize	view presentation	editor/packages/editor/src/editor/occurrences.ts	171	const text = source.readRange(start, Math.min(source.length, match.end + 2))	preserve	Source match; ownership and deletion decisions are in baseline-and-inventory.md
Editor	materialize	document contribution	editor/packages/editor/src/editor/preparedDocument.ts	681	textSnapshot.forEachTextChunk((text, chunkStart) => {	2	Source match; ownership and deletion decisions are in baseline-and-inventory.md
Editor	materialize	view presentation	editor/packages/editor/src/editor/rowWindow.ts	28	const text = source.readRange(start, end)	preserve	Source match; ownership and deletion decisions are in baseline-and-inventory.md
Editor	materialize	view presentation	editor/packages/editor/src/editor/selectionRanges.ts	56	const part = wordPartRangeAtOffset(textSnapshot.readRange(word.start, word.end), word, offset)	preserve	Source match; ownership and deletion decisions are in baseline-and-inventory.md
Editor	materialize	view presentation	editor/packages/editor/src/editor/textCursor.ts	69	if (end > pageStart + CURSOR_PAGE) return this.source.readRange(start, end)	preserve	Source match; ownership and deletion decisions are in baseline-and-inventory.md
Editor	materialize	view presentation	editor/packages/editor/src/editor/textCursor.ts	79	page = this.source.readRange(pageStart, Math.min(this.length, pageStart + CURSOR_PAGE))	preserve	Source match; ownership and deletion decisions are in baseline-and-inventory.md
Editor	materialize	view presentation	editor/packages/editor/src/editor/tokenProjection.ts	63	text: batch.after.readRange(change.afterFrom, change.afterTo),	preserve	Source match; ownership and deletion decisions are in baseline-and-inventory.md
Editor	materialize	view presentation	editor/packages/editor/src/editor/tokenProjection.ts	346	return text.readRange(start, end)	preserve	Source match; ownership and deletion decisions are in baseline-and-inventory.md
Editor	materialize	view presentation	editor/packages/editor/src/editor/viewSnapshot.ts	125	fullText: source.readRange(0, source.length),	preserve	Source match; ownership and deletion decisions are in baseline-and-inventory.md
Editor	materialize	view presentation	editor/packages/editor/src/editor/viewSnapshot.ts	213	const sourceText = snapshot.textSnapshot.readRange(chunk.sourceStartOffset, chunk.sourceEndOffset)	preserve	Source match; ownership and deletion decisions are in baseline-and-inventory.md
Editor	materialize	core mutation	editor/packages/editor/src/historySerialization.ts	124	const edit = diffPieceTableSnapshots(parentSnapshot, node.snapshot)	preserve	Source match; ownership and deletion decisions are in baseline-and-inventory.md
Editor	materialize	core mutation	editor/packages/editor/src/historySerialization.ts	129	text: readPieceTableTextRange(parentSnapshot, edit.from, edit.to),	preserve	Source match; ownership and deletion decisions are in baseline-and-inventory.md
Editor	materialize	view presentation	editor/packages/editor/src/mergeConflicts.ts	152	if (MARKERS.has(source.readRange(lineStart, lineStart + MARKER_LENGTH))) return true	preserve	Source match; ownership and deletion decisions are in baseline-and-inventory.md
Editor	materialize	view presentation	editor/packages/editor/src/mergeConflicts.ts	222	source.forEachTextChunk((text, start) => scanner.feed(text, start))	preserve	Source match; ownership and deletion decisions are in baseline-and-inventory.md
Editor	materialize	view presentation	editor/packages/editor/src/mergeConflicts.ts	324	const replacement = ranges.map((range) => source.readRange(range.start, range.end)).join('')	preserve	Source match; ownership and deletion decisions are in baseline-and-inventory.md
Editor	materialize	view presentation	editor/packages/editor/src/plugins.ts	714	materializeFullText(): string	preserve	Source match; ownership and deletion decisions are in baseline-and-inventory.md
Editor	materialize	domain adapter	editor/packages/editor/src/shiki/workerClient.ts	431	if (this.opened && pieceTableSnapshotsHaveSameText(this.snapshot, snapshot)) {	2	Source match; ownership and deletion decisions are in baseline-and-inventory.md
Editor	materialize	domain adapter	editor/packages/editor/src/shiki/workerClient.ts	584	const fallbackEdit = diffPieceTableSnapshots(this.snapshot, change.snapshot)	2	Source match; ownership and deletion decisions are in baseline-and-inventory.md
Editor	materialize	domain adapter	editor/packages/editor/src/shiki/workerClient.ts	626	return textSnapshot.materializeFullText()	2	Source match; ownership and deletion decisions are in baseline-and-inventory.md
Editor	materialize	domain adapter	editor/packages/editor/src/shiki/workerClient.ts	641	!pieceTableSnapshotsHaveSameText(	2	Source match; ownership and deletion decisions are in baseline-and-inventory.md
Editor	materialize	view presentation	editor/packages/editor/src/textContent.ts	16	return this.readRange(from, Math.max(from, to))	preserve	Source match; ownership and deletion decisions are in baseline-and-inventory.md
Editor	materialize	view presentation	editor/packages/editor/src/textWindows.ts	16	const text = source.readRange(offset, Math.min(end, offset + TEXT_WINDOW_LENGTH))	preserve	Source match; ownership and deletion decisions are in baseline-and-inventory.md
Editor	materialize	view presentation	editor/packages/editor/src/textWindows.ts	30	if (visit(source.readRange(offset, windowEnd), offset) === false) return	preserve	Source match; ownership and deletion decisions are in baseline-and-inventory.md
Editor	materialize	view presentation	editor/packages/editor/src/textWindows.ts	62	const text = this.source.readRange(start, Math.min(this.length, start + TEXT_WINDOW_LENGTH))	preserve	Source match; ownership and deletion decisions are in baseline-and-inventory.md
Editor	materialize	view presentation	editor/packages/editor/src/textWindows.ts	84	const text = source.readRange(offset, Math.min(end, offset + size))	preserve	Source match; ownership and deletion decisions are in baseline-and-inventory.md
Editor	materialize	view presentation	editor/packages/editor/src/virtualization/displayProjectionText.ts	111	return snapshot.readRange(start, end)	preserve	Source match; ownership and deletion decisions are in baseline-and-inventory.md
Editor	materialize	view presentation	editor/packages/editor/src/virtualization/virtualizedTextViewHighlights.ts	1560	snapshot.readRange(offset, offset + 1).charCodeAt(0),	preserve	Source match; ownership and deletion decisions are in baseline-and-inventory.md
Editor	materialize	view presentation	editor/packages/editor/src/virtualization/virtualizedTextViewSelectionLayer.ts	101	if (view.model.textSnapshot.readRange(row.startOffset - 1, row.startOffset) !== '\n') return null	preserve	Source match; ownership and deletion decisions are in baseline-and-inventory.md
Editor	materialize	view presentation	editor/packages/find/src/findController.ts	884	return source.readRange(selection.startOffset, selection.endOffset)	5	Source match; ownership and deletion decisions are in baseline-and-inventory.md
Editor	materialize	view presentation	editor/packages/find/src/findController.ts	891	const text = source.readRange(line.start, line.end)	5	Source match; ownership and deletion decisions are in baseline-and-inventory.md
Editor	materialize	view presentation	editor/packages/find/src/plugin.ts	555	readRange: (start, end) => text.readRange(start, end),	5	Source match; ownership and deletion decisions are in baseline-and-inventory.md
Editor	materialize	view presentation	editor/packages/find/src/search.ts	55	readRange: (start, end) => snapshot.readRange(start, end),	5	Source match; ownership and deletion decisions are in baseline-and-inventory.md
Editor	materialize	view presentation	editor/packages/find/src/search.ts	419	const text = source.readRange(offset, Math.min(source.length, offset + 2))	5	Source match; ownership and deletion decisions are in baseline-and-inventory.md
Editor	materialize	view presentation	editor/packages/find/src/search.ts	726	const text = source.readRange(start, Math.max(start, lineEndAt(source, last)))	5	Source match; ownership and deletion decisions are in baseline-and-inventory.md
Editor	materialize	view presentation	editor/packages/find/src/search.ts	762	return { text: source.readRange(start, end), start, from: Math.max(0, range.start - start) }	5	Source match; ownership and deletion decisions are in baseline-and-inventory.md
Editor	materialize	domain adapter	editor/packages/lsp/src/client.ts	572	return document.textSnapshot.readRange(0, document.textSnapshot.length)	4	Source match; ownership and deletion decisions are in baseline-and-inventory.md
Editor	materialize	domain adapter	editor/packages/lsp/src/positions.ts	286	return document.textSnapshot.readRange(probeStart, nextStart)	4	Source match; ownership and deletion decisions are in baseline-and-inventory.md
Editor	materialize	domain adapter	editor/packages/lsp/src/positions.ts	306	return document.textSnapshot.readRange(0, document.textSnapshot.length)	4	Source match; ownership and deletion decisions are in baseline-and-inventory.md
Editor	materialize	domain adapter	editor/packages/lsp/src/types.ts	23	forEachTextChunk(visit: (text: string, start: number, end: number) => void): void	4	Source match; ownership and deletion decisions are in baseline-and-inventory.md
Editor	materialize	domain adapter	editor/packages/lsp-plugin/src/codeActions.ts	90	const around = document.textSnapshot.readRange(start - 1, start + 1)	4	Source match; ownership and deletion decisions are in baseline-and-inventory.md
Editor	materialize	domain adapter	editor/packages/lsp-plugin/src/completionController.ts	582	const before = source.readRange(windowStart, offset)	4	Source match; ownership and deletion decisions are in baseline-and-inventory.md
Editor	materialize	domain adapter	editor/packages/lsp-plugin/src/formatOnType.ts	287	const read = (start: number, end: number): string => source.readRange(start, end)	4	Source match; ownership and deletion decisions are in baseline-and-inventory.md
Editor	materialize	domain adapter	editor/packages/lsp-plugin/src/formatting.ts	63	document.textSnapshot.readRange(edit.from, edit.to),	4	Source match; ownership and deletion decisions are in baseline-and-inventory.md
Editor	materialize	domain adapter	editor/packages/lsp-plugin/src/formatting.ts	80	return edits.some((edit) => text.readRange(edit.from, edit.to) !== edit.text)	4	Source match; ownership and deletion decisions are in baseline-and-inventory.md
Editor	materialize	domain adapter	editor/packages/lsp-plugin/src/plugin.ts	1059	const currentName = document.textSnapshot.readRange(range.start, range.end)	4	Source match; ownership and deletion decisions are in baseline-and-inventory.md
Editor	materialize	domain adapter	editor/packages/lsp-plugin/src/sourceText.ts	27	return document.textSnapshot.readRange(offset, offset + 1)	4	Source match; ownership and deletion decisions are in baseline-and-inventory.md
Editor	materialize	domain adapter	editor/packages/lsp-plugin/src/sourceText.ts	43	const found = find(document.textSnapshot.readRange(from, to), offset - from)	4	Source match; ownership and deletion decisions are in baseline-and-inventory.md
Editor	materialize	domain adapter	editor/packages/lsp-plugin/src/sourceText.ts	77	readRange: (start, end) => textSnapshot.readRange(start, end),	4	Source match; ownership and deletion decisions are in baseline-and-inventory.md
Editor	materialize	domain adapter	editor/packages/lsp-plugin/src/sourceText.ts	78	forEachTextChunk: (visit) => textSnapshot.forEachTextChunk(visit),	4	Source match; ownership and deletion decisions are in baseline-and-inventory.md
Editor	materialize	domain adapter	editor/packages/lsp-plugin/src/workspaceTextEdits.ts	275	const effective = !pieceTableSnapshotsHaveSameText(snapshotBefore, candidate)	4	Source match; ownership and deletion decisions are in baseline-and-inventory.md
Editor	materialize	domain adapter	editor/packages/lsp-plugin/src/workspaceTextEdits.ts	540	const pair = readPieceTableTextRange(snapshot, offset - 1, offset + 1)	4	Source match; ownership and deletion decisions are in baseline-and-inventory.md
Editor	materialize	domain adapter	editor/packages/lsp-plugin/src/workspaceTextEdits.ts	561	if (!pieceTableSnapshotsHaveSameText(snapshotBefore, state.snapshot)) return	4	Source match; ownership and deletion decisions are in baseline-and-inventory.md
Editor	materialize	domain adapter	editor/packages/lsp-plugin/src/workspaceTextEdits.ts	574	const edit = diffPieceTableSnapshots(segment.snapshotBefore, segment.snapshotAfter)	4	Source match; ownership and deletion decisions are in baseline-and-inventory.md
Editor	materialize	view presentation	editor/packages/markdown/src/authoring.ts	53	const text = source.readRange(from, to).replace(/\r$/, '')	preserve	Source match; ownership and deletion decisions are in baseline-and-inventory.md
Editor	materialize	view presentation	editor/packages/markdown/src/authoring.ts	71	const text = source.readRange(start, end)	preserve	Source match; ownership and deletion decisions are in baseline-and-inventory.md
Editor	materialize	view presentation	editor/packages/markdown/src/authoring.ts	72	const before = source.readRange(source.lineRange(source.lineAt(start)).start, start)	preserve	Source match; ownership and deletion decisions are in baseline-and-inventory.md
Editor	materialize	view presentation	editor/packages/markdown/src/authoring.ts	73	const after = source.readRange(end, source.lineRange(source.lineAt(end)).end)	preserve	Source match; ownership and deletion decisions are in baseline-and-inventory.md
Editor	materialize	view presentation	editor/packages/markdown/src/authoring.ts	113	const selected = source.readRange(start, end) || 'link text'	preserve	Source match; ownership and deletion decisions are in baseline-and-inventory.md
Editor	materialize	view presentation	editor/packages/markdown/src/authoring.ts	221	source.readRange(Math.max(0, firstEnd - 1), Math.min(source.length, firstEnd + 1)) === '\r\n'	preserve	Source match; ownership and deletion decisions are in baseline-and-inventory.md
Editor	materialize	view presentation	editor/packages/markdown/src/authoringPlugin.ts	31	if (!/^\s*(?:[-+*]|\d+[.)])\s/.test(source.readRange(line.start, line.end))) return false	preserve	Source match; ownership and deletion decisions are in baseline-and-inventory.md
Editor	materialize	view presentation	editor/packages/markdown/src/linkDestination.ts	14	const suffix = source.readRange(label.end, link.end)	preserve	Source match; ownership and deletion decisions are in baseline-and-inventory.md
Editor	materialize	view presentation	editor/packages/markdown/src/linkDestination.ts	16	const raw = source.readRange(link.start, link.end)	preserve	Source match; ownership and deletion decisions are in baseline-and-inventory.md
Editor	materialize	view presentation	editor/packages/markdown/src/linkDestination.ts	18	const target = source.readRange(label.start, label.end)	preserve	Source match; ownership and deletion decisions are in baseline-and-inventory.md
Editor	materialize	view presentation	editor/packages/markdown/src/linkDestination.ts	25	const identifier = normalizeIdentifier(reference || source.readRange(label.start, label.end))	preserve	Source match; ownership and deletion decisions are in baseline-and-inventory.md
Editor	materialize	view presentation	editor/packages/markdown/src/linkDestination.ts	28	const definition = source.readRange(records[index]!, records[index + 1]!).trimStart()	preserve	Source match; ownership and deletion decisions are in baseline-and-inventory.md
Editor	materialize	view presentation	editor/packages/markdown/src/linkRender.ts	47	let text = source.readRange(label.start, label.end)	preserve	Source match; ownership and deletion decisions are in baseline-and-inventory.md
Editor	materialize	view presentation	editor/packages/markdown/src/markEdit.ts	33	const text = source.readRange(from, to)	preserve	Source match; ownership and deletion decisions are in baseline-and-inventory.md
Editor	materialize	view presentation	editor/packages/markdown/src/markEdit.ts	81	if (kind === Kind.Link) return source.readRange(start, start + 1) === '[' ? start + 1 : null	preserve	Source match; ownership and deletion decisions are in baseline-and-inventory.md
Editor	materialize	view presentation	editor/packages/markdown/src/markEdit.ts	120	const prefix = source.readRange(start, from)	preserve	Source match; ownership and deletion decisions are in baseline-and-inventory.md
Editor	materialize	view presentation	editor/packages/markdown/src/markEdit.ts	121	const suffix = source.readRange(to, end)	preserve	Source match; ownership and deletion decisions are in baseline-and-inventory.md
Editor	materialize	view presentation	editor/packages/markdown/src/markEdit.ts	161	if (kind === Kind.Strong || source.readRange(start, start + 2) === '~~') return 2	preserve	Source match; ownership and deletion decisions are in baseline-and-inventory.md
Editor	materialize	view presentation	editor/packages/markdown/src/replacements.ts	53	const width = source.readRange(spec.startIndex, spec.endIndex).length	preserve	Source match; ownership and deletion decisions are in baseline-and-inventory.md
Editor	materialize	view presentation	editor/packages/markdown/src/replacements.ts	116	const source = text.readRange(span.start, span.end)	preserve	Source match; ownership and deletion decisions are in baseline-and-inventory.md
Editor	materialize	view presentation	editor/packages/markdown/src/replacements.ts	129	return text.readRange(span.start, span.start + 2) === '~~' ? 2 : 1	preserve	Source match; ownership and deletion decisions are in baseline-and-inventory.md
Editor	materialize	view presentation	editor/packages/markdown/src/replacements.ts	133	text.readRange(span.start + count, span.start + count + 1) === '`'	preserve	Source match; ownership and deletion decisions are in baseline-and-inventory.md
Editor	materialize	view presentation	editor/packages/markdown/src/replacements.ts	160	const source = text.readRange(start, end)	preserve	Source match; ownership and deletion decisions are in baseline-and-inventory.md
Editor	materialize	view presentation	editor/packages/markdown/src/replacements.ts	184	while (offset + count < text.length && text.readRange(offset + count, offset + count + 1) === ' ')	preserve	Source match; ownership and deletion decisions are in baseline-and-inventory.md
Editor	materialize	view presentation	editor/packages/markdown/src/semanticEdit.ts	29	const code = source.readRange(start + width, end - width)	preserve	Source match; ownership and deletion decisions are in baseline-and-inventory.md
Editor	materialize	view presentation	editor/packages/markdown/src/semanticEdit.ts	37	const marker = source.readRange(start, start + width)	preserve	Source match; ownership and deletion decisions are in baseline-and-inventory.md
Editor	materialize	view presentation	editor/packages/markdown/src/semanticEdit.ts	38	const prefix = quoteCode(source.readRange(contentStart, from), marker)	preserve	Source match; ownership and deletion decisions are in baseline-and-inventory.md
Editor	materialize	view presentation	editor/packages/markdown/src/semanticEdit.ts	39	const selected = source.readRange(from, to)	preserve	Source match; ownership and deletion decisions are in baseline-and-inventory.md
Editor	materialize	view presentation	editor/packages/markdown/src/semanticEdit.ts	40	const suffix = quoteCode(source.readRange(to, contentEnd), marker)	preserve	Source match; ownership and deletion decisions are in baseline-and-inventory.md
Editor	materialize	view presentation	editor/packages/markdown/src/semanticEdit.ts	62	return source.readRange(start, lineEnd).match(/^`+/)?.[0].length ?? 1	preserve	Source match; ownership and deletion decisions are in baseline-and-inventory.md
Editor	materialize	view presentation	editor/packages/markdown/src/semanticEdit.ts	75	const suffix = source.readRange(end, link.end)	preserve	Source match; ownership and deletion decisions are in baseline-and-inventory.md
Editor	materialize	document contribution	editor/packages/minimap/src/workerClient.ts	1051	text: text.snapshot.readRange(startOffset, clippedEnd),	3	Source match; ownership and deletion decisions are in baseline-and-inventory.md
Editor	materialize	view presentation	editor/packages/plugin-ui/src/offsetRange.ts	69	const local = hoverTargetRange(source.readRange(from, to), offset - from)	preserve	Source match; ownership and deletion decisions are in baseline-and-inventory.md
Editor	materialize	view presentation	editor/packages/react/src/index.tsx	130	materializeFullText(): string	preserve	Source match; ownership and deletion decisions are in baseline-and-inventory.md
Editor	materialize	view presentation	editor/packages/react/src/index.tsx	374	public materializeFullText(): string {	preserve	Source match; ownership and deletion decisions are in baseline-and-inventory.md
Editor	materialize	view presentation	editor/packages/react/src/index.tsx	375	return this.getEditor()?.materializeFullText() ?? ''	preserve	Source match; ownership and deletion decisions are in baseline-and-inventory.md
Editor	materialize	view presentation	editor/packages/react/src/index.tsx	1129	text = source ? source.readRange(0, source.length) : ''	preserve	Source match; ownership and deletion decisions are in baseline-and-inventory.md
Editor	materialize	view presentation	editor/packages/scope-lines/src/index.ts	501	return textSnapshot.readRange(start, end)	preserve	Source match; ownership and deletion decisions are in baseline-and-inventory.md
Editor	materialize	view presentation	editor/packages/scope-lines/src/stickyScroll.ts	440	lines.push(range ? textSnapshot.readRange(range.start, range.end) : '')	preserve	Source match; ownership and deletion decisions are in baseline-and-inventory.md
Editor	materialize	view presentation	editor/packages/solid/src/index.ts	236	cachedText = source ? source.readRange(0, source.length) : ''	preserve	Source match; ownership and deletion decisions are in baseline-and-inventory.md
Editor	materialize	view presentation	editor/packages/spellcheck/src/controller.ts	192	const source = text.readRange(region.start, region.end)	preserve	Word-service worker; carries words, outside document source synchronization
Editor	materialize	view presentation	editor/packages/spellcheck/src/controller.ts	213	const lineWords = this.lineWords(text.readRange(range.start, range.end), local)	preserve	Word-service worker; carries words, outside document source synchronization
Editor	materialize	view presentation	editor/packages/spellcheck/src/controller.ts	292	if (!text || foldApostrophes(text.readRange(issue.start, issue.end)) !== issue.word)	preserve	Word-service worker; carries words, outside document source synchronization
Editor	materialize	core mutation	editor/packages/textbuffer/src/buffers.ts	744	export function forEachBufferSpan(	preserve	Source match; ownership and deletion decisions are in baseline-and-inventory.md
Editor	materialize	core mutation	editor/packages/textbuffer/src/buffers.ts	770	forEachBufferSpan(buffers, buffer, from, to, (text, start, end) =>	preserve	Source match; ownership and deletion decisions are in baseline-and-inventory.md
Editor	materialize	core mutation	editor/packages/textbuffer/src/diff.ts	34	text: readPieceTableTextRange(next, prefix, next.length - suffix),	preserve	Source match; ownership and deletion decisions are in baseline-and-inventory.md
Editor	materialize	core mutation	editor/packages/textbuffer/src/documentText.ts	45	const body = applyDocumentLineEnding(materializePieceTableFullText(snapshot), lineEnding)	preserve	Source match; ownership and deletion decisions are in baseline-and-inventory.md
Editor	materialize	core mutation	editor/packages/textbuffer/src/reads.ts	43	if (!piece) return readPieceTableTextRange(snapshot, range.start, range.end)	preserve	Source match; ownership and deletion decisions are in baseline-and-inventory.md
Editor	materialize	core mutation	editor/packages/textbuffer/src/reads.ts	118	readPieceTableTextRange(snapshot, 0, snapshot.length)	preserve	Source match; ownership and deletion decisions are in baseline-and-inventory.md
Editor	materialize	core mutation	editor/packages/textbuffer/src/reads.ts	130	forEachTextInRange(snapshot.root, snapshot.buffers, start, effectiveEnd, (buffer, from, to) => {	preserve	Source match; ownership and deletion decisions are in baseline-and-inventory.md
Editor	materialize	core mutation	editor/packages/textbuffer/src/tree.ts	595	forEachBufferSpan(	preserve	Source match; ownership and deletion decisions are in baseline-and-inventory.md
Editor	materialize	core mutation	editor/packages/textbuffer/src/tree.ts	623	if (start < nodeStart) forEachTextInRange(node.left, buffers, start, end, visit, baseOffset)	preserve	Source match; ownership and deletion decisions are in baseline-and-inventory.md
Editor	materialize	core mutation	editor/packages/textbuffer/src/tree.ts	629	forEachBufferSpan(	preserve	Source match; ownership and deletion decisions are in baseline-and-inventory.md
Editor	materialize	core mutation	editor/packages/textbuffer/src/tree.ts	639	if (end > nodeEnd) forEachTextInRange(node.right, buffers, start, end, visit, nodeEnd)	preserve	Source match; ownership and deletion decisions are in baseline-and-inventory.md
Editor	materialize	domain adapter	editor/packages/tree-sitter/src/session.ts	569	const edit = diffPieceTableSnapshots(	2	Source match; ownership and deletion decisions are in baseline-and-inventory.md
Editor	materialize	domain adapter	editor/packages/tree-sitter/src/session.ts	581	return pieceTableSnapshotsHaveSameText(	2	Source match; ownership and deletion decisions are in baseline-and-inventory.md
Editor	materialize	domain adapter	editor/packages/tree-sitter/src/treeSitter/source.ts	60	for (const piece of debugPieceTable(snapshot)) {	2	Source match; ownership and deletion decisions are in baseline-and-inventory.md
Editor	materialize	domain adapter	editor/packages/tree-sitter/src/treeSitter/source.ts	159	forEachBufferSpan(snapshot.buffers, bufferId, start, start + length, (text, from, to, owner) => {	2	Source match; ownership and deletion decisions are in baseline-and-inventory.md
Editor	materialize	view presentation	editor/examples/app/src/components/historyPanel.ts	229	return createTextDiff({	preserve	Example or benchmark caller; preserve supported simple construction
Editor	materialize	view presentation	editor/examples/app/src/components/historyPanel.ts	230	oldFile: { path: `state-${left.id}`, text: materializePieceTableFullText(left.snapshot) },	preserve	Example or benchmark caller; preserve supported simple construction
Editor	materialize	view presentation	editor/examples/app/src/components/historyPanel.ts	231	newFile: { path: `state-${right.id}`, text: materializePieceTableFullText(right.snapshot) },	preserve	Example or benchmark caller; preserve supported simple construction
Editor	materialize	view presentation	editor/examples/app/src/modal/modalPlugin.ts	186	return offset + nextWordOffset(source.readRange(offset, end), 0)	preserve	Example or benchmark caller; preserve supported simple construction
Editor	materialize	view presentation	editor/examples/app/src/modal/modalPlugin.ts	189	return start + previousWordOffset(source.readRange(start, offset), offset - start)	preserve	Example or benchmark caller; preserve supported simple construction
Editor	materialize	view presentation	editor/examples/app/src/modal/modalPlugin.ts	203	const chunk = text(scope).readRange(offset, Math.min(lineEnd, offset + 32))	preserve	Example or benchmark caller; preserve supported simple construction
Editor	materialize	view presentation	editor/examples/app/src/modal/modalPlugin.ts	209	const chunk = text(scope).readRange(Math.max(lineStart, offset - 32), offset)	preserve	Example or benchmark caller; preserve supported simple construction
Editor	materialize	view presentation	editor/examples/app/src/modal/modalPlugin.ts	253	const word = wordRangeAtOffset(source.readRange(range.start, range.end), offset - range.start)	preserve	Example or benchmark caller; preserve supported simple construction
Editor	materialize	view presentation	editor/examples/app/src/sourceController.ts	218	const text = this.editor.materializeFullText()	preserve	Example or benchmark caller; preserve supported simple construction
Editor	materialize	view presentation	editor/examples/stress/reclamation-live-entry.js	112	text: buffer.materializeFullText(),	preserve	Example or benchmark caller; preserve supported simple construction
Editor	materialize	view presentation	editor/examples/stress/reclamation-live-entry.js	190	oldPrefix: readPieceTableTextRange(pinnedSnapshot, 0, 15),	preserve	Example or benchmark caller; preserve supported simple construction
Editor	materialize	view presentation	editor/examples/stress/reclamation-live-entry.js	191	oldSuffix: readPieceTableTextRange(	preserve	Example or benchmark caller; preserve supported simple construction
Editor	materialize	view presentation	editor/examples/stress/reclamation-live-entry.js	224	texts: editors.map((editor) => editor.materializeFullText()),	preserve	Example or benchmark caller; preserve supported simple construction
Editor	materialize	view presentation	editor/examples/stress/reclamation-live-entry.js	230	texts.push(buffer.materializeFullText())	preserve	Example or benchmark caller; preserve supported simple construction
Editor	materialize	view presentation	editor/examples/stress/reclamation-live-entry.js	236	if (buffer.materializeFullText() !== texts.pop()) return { valid: false, count }	preserve	Example or benchmark caller; preserve supported simple construction
Editor	materialize	view presentation	editor/examples/stress/reclamation-live.mjs	217	(editor) => editor.materializeFullText() === `typed ${expected}`,	preserve	Example or benchmark caller; preserve supported simple construction
Editor	materialize	view presentation	editor/examples/stress/reclamation-paste.mjs	41	const text = api.materializePieceTableFullText(fixture.snapshot)	preserve	Example or benchmark caller; preserve supported simple construction
Editor	materialize	view presentation	editor/examples/stress/reclamation-positions-soak.mjs	146	materializePieceTableFullText(state.candidate),	preserve	Example or benchmark caller; preserve supported simple construction
Editor	materialize	view presentation	editor/examples/stress/reclamation-positions-soak.mjs	147	materializePieceTableFullText(state.control),	preserve	Example or benchmark caller; preserve supported simple construction
Editor	materialize	view presentation	editor/examples/stress/reclamation.mjs	84	api.materializePieceTableFullText(snapshot) ===	preserve	Example or benchmark caller; preserve supported simple construction
Editor	materialize	view presentation	editor/examples/stress/reclamation.mjs	90	liveText: api.materializePieceTableFullText(current),	preserve	Example or benchmark caller; preserve supported simple construction
Editor	materialize	view presentation	editor/examples/stress/src/boundary.ts	177	const text = active.editors[0]!.materializeFullText()	preserve	Example or benchmark caller; preserve supported simple construction
Editor	materialize	view presentation	editor/examples/stress/src/browser.ts	267	check(buffer.materializeFullText() === text, 'Shared buffer text differs from expected edits')	preserve	Example or benchmark caller; preserve supported simple construction
Editor	materialize	view presentation	editor/examples/stress/src/browser.ts	269	check(editor.materializeFullText() === text, 'A view missed the shared edit')	preserve	Example or benchmark caller; preserve supported simple construction
Editor	materialize	view presentation	editor/examples/stress/src/browser.ts	325	check(buffer.getTextSnapshot().readRange(0, 4) === '😀e\u0301', 'Churn insertion did not apply')	preserve	Example or benchmark caller; preserve supported simple construction
Editor	materialize	view presentation	editor/examples/stress/src/browser.ts	421	return readInputOutput(readiness, buffer.materializeFullText())	preserve	Example or benchmark caller; preserve supported simple construction
Editor	materialize	view presentation	editor/examples/stress/src/firstPaint.ts	220	correctText: editor.materializeFullText() === source,	preserve	Example or benchmark caller; preserve supported simple construction
Editor	materialize	view presentation	editor/examples/stress/src/inputLatency.ts	172	check(buffer.materializeFullText() === expected, `${scenario} produced incorrect document text`)	preserve	Example or benchmark caller; preserve supported simple construction
Editor	materialize	view presentation	editor/examples/stress/src/inputLatency.ts	174	check(editor.materializeFullText() === expected, 'A peer view missed an input edit')	preserve	Example or benchmark caller; preserve supported simple construction
Platform	materialize	host transaction policy	apps/server/src/fs/read-sessions.ts	49	return this.track(() => this.readRange(id, start, end, signal))	preserve	Source match; ownership and deletion decisions are in baseline-and-inventory.md
Platform	materialize	view presentation	apps/web/src/features/command-palette/hooks/use-symbols.ts	58	? selectedDocument.buffer.materializeFullText()	preserve	Source match; ownership and deletion decisions are in baseline-and-inventory.md
Platform	materialize	view presentation	apps/web/src/features/editor/components/compare-saved-view.tsx	52	const snapshot = { revision, text: buffer?.materializeFullText() ?? null }	preserve	Source match; ownership and deletion decisions are in baseline-and-inventory.md
Platform	materialize	view presentation	apps/web/src/features/editor/components/compare-saved-view.tsx	98	return createTextDiff({	preserve	Source match; ownership and deletion decisions are in baseline-and-inventory.md
Platform	materialize	view presentation	apps/web/src/features/editor/hooks/use-diff-language-context.ts	31	text: analysisAllowed ? (buffer?.materializeFullText() ?? null) : null,	preserve	Source match; ownership and deletion decisions are in baseline-and-inventory.md
Platform	materialize	host transaction policy	apps/web/src/features/editor/state/file-sync-service.ts	221	const text = textSnapshot.materializeFullText()	preserve	Source match; ownership and deletion decisions are in baseline-and-inventory.md
Platform	materialize	host transaction policy	apps/web/src/features/editor/state/semantic-token-controller.ts	760	// The snapshot overload, not the string one: `materializeFullText()` would	5	Source match; ownership and deletion decisions are in baseline-and-inventory.md
Platform	materialize	host transaction policy	apps/web/src/features/editor/state/semantic-token-controller.ts	776	source.forEachTextChunk((chunk) => {	5	Source match; ownership and deletion decisions are in baseline-and-inventory.md
Platform	materialize	host transaction policy	apps/web/src/features/editor/state/unicode-hover-plugin.ts	49	const text = snapshot.textSnapshot.readRange(offset, offset + 2)	preserve	Source match; ownership and deletion decisions are in baseline-and-inventory.md
Platform	materialize	host transaction policy	apps/web/src/features/editor/state/workspace-document-service.ts	430	if (existing && textSnapshotEqualsText(existing.buffer.getTextSnapshot(), input.content)) {	preserve	Source match; ownership and deletion decisions are in baseline-and-inventory.md
Platform	materialize	host transaction policy	apps/web/src/features/editor/state/workspace-document-service.ts	518	textSnapshotEqualsText(existing.buffer.getTextSnapshot(), materializeFileSnapshotText(file))	preserve	Source match; ownership and deletion decisions are in baseline-and-inventory.md
Platform	materialize	host transaction policy	apps/web/src/features/editor/state/workspace-document-service.ts	985	if (textSnapshotEqualsText(document.buffer.getTextSnapshot(), text)) return false	preserve	Source match; ownership and deletion decisions are in baseline-and-inventory.md
Platform	materialize	host transaction policy	apps/web/src/features/editor/state/workspace-document-service.ts	1051	if (!textSnapshotEqualsText(document.buffer.getTextSnapshot(), savedText)) return false	preserve	Source match; ownership and deletion decisions are in baseline-and-inventory.md
Platform	materialize	host transaction policy	apps/web/src/features/editor/state/workspace-document-service.ts	1257	!textSnapshotEqualsText(existing.buffer.getTextSnapshot(), materializeFileSnapshotText(file))	preserve	Source match; ownership and deletion decisions are in baseline-and-inventory.md
Platform	materialize	view presentation	apps/web/src/features/editor/utils/history-compare.ts	26	return createTextDiff({	preserve	Source match; ownership and deletion decisions are in baseline-and-inventory.md
Platform	materialize	view presentation	apps/web/src/features/editor/utils/history-compare.ts	27	newFile: { languageId, path, text: materializePieceTableFullText(newSide.snapshot) },	preserve	Source match; ownership and deletion decisions are in baseline-and-inventory.md
Platform	materialize	view presentation	apps/web/src/features/editor/utils/history-compare.ts	28	oldFile: { languageId, path, text: materializePieceTableFullText(oldSide.snapshot) },	preserve	Source match; ownership and deletion decisions are in baseline-and-inventory.md
Platform	materialize	view presentation	apps/web/src/features/editor/utils/text-snapshot.ts	26	rawEnd > start && textSnapshot.readRange(rawEnd - 1, rawEnd) === '\r' ? rawEnd - 1 : rawEnd	preserve	Source match; ownership and deletion decisions are in baseline-and-inventory.md
Platform	materialize	view presentation	apps/web/src/features/editor/utils/text-snapshot.ts	31	text: textSnapshot.readRange(start, end),	preserve	Source match; ownership and deletion decisions are in baseline-and-inventory.md
Platform	materialize	view presentation	apps/web/src/features/search/state/dirty-documents.ts	19	dirtyDocuments.push({ path, text: document.buffer.materializeFullText() })	preserve	Source match; ownership and deletion decisions are in baseline-and-inventory.md
Platform	materialize	domain adapter	apps/web/src/features/search/utils/result-syntax-plugin.ts	192	lines.push({ start, end, text: snapshot.readRange(start, end) })	2	Source match; ownership and deletion decisions are in baseline-and-inventory.md
Platform	materialize	view presentation	apps/web/src/features/settings/components/raw-conflict-banner.tsx	27	const localText = document.buffer.materializeFullText()	preserve	Source match; ownership and deletion decisions are in baseline-and-inventory.md
Platform	materialize	host transaction policy	apps/web/src/features/settings/state/diagnostics-plugin.ts	72	if (!textSnapshotEqualsText(editor.textSnapshot, snapshot.file.text)) {	preserve	Source match; ownership and deletion decisions are in baseline-and-inventory.md
Platform	materialize	host transaction policy	apps/web/src/features/settings/state/sync-service.ts	117	const posted = document.buffer.materializeFullText()	preserve	Source match; ownership and deletion decisions are in baseline-and-inventory.md
Platform	materialize	view presentation	apps/web/src/features/workbench/components/csv-table.tsx	35	const presentation = engine.parseCsv(snapshot.readRange(0, snapshot.length))	preserve	Source match; ownership and deletion decisions are in baseline-and-inventory.md
Platform	materialize	view presentation	apps/web/src/features/workbench/components/markdown-preview-pane.tsx	62	const text = deferredSnapshot.readRange(0, deferredSnapshot.length)	preserve	Source match; ownership and deletion decisions are in baseline-and-inventory.md
Platform	materialize	view presentation	apps/web/src/features/workbench/hooks/use-document-symbol-tree.ts	35	text: liveDocument?.buffer.isDirty() ? liveDocument.buffer.materializeFullText() : null,	preserve	Source match; ownership and deletion decisions are in baseline-and-inventory.md
Platform	materialize	view presentation	apps/web/src/features/workspace/hooks/use-events.ts	837	?.buffer.materializeFullText() ?? null	preserve	Source match; ownership and deletion decisions are in baseline-and-inventory.md
Platform	materialize	host transaction policy	apps/web/src/features/workspace/state/conflict-editor-resolution.ts	104	const text = textSnapshot.materializeFullText()	preserve	Source match; ownership and deletion decisions are in baseline-and-inventory.md
Platform	materialize	host transaction policy	apps/web/src/features/workspace/state/conflict-editor-resolution.ts	110	if (!textSnapshotEqualsText(resolution.buffer.getTextSnapshot(), text)) return null	preserve	Source match; ownership and deletion decisions are in baseline-and-inventory.md
Platform	materialize	host transaction policy	apps/web/src/features/workspace/state/event-conflict-adapter.ts	320	return context.getLiveEditorDocument(fileDocumentKey(path))?.buffer.materializeFullText() ?? ''	preserve	Source match; ownership and deletion decisions are in baseline-and-inventory.md
Platform	materialize	view presentation	apps/web/src/keymap/workspace-commands.ts	583	text: text.readRange(startOffset, endOffset),	preserve	Source match; ownership and deletion decisions are in baseline-and-inventory.md
Platform	materialize	host transaction policy	apps/web/src/lib/file-snapshot.ts	12	return 'content' in file ? file.content : file.textSnapshot.materializeFullText()	preserve	Source match; ownership and deletion decisions are in baseline-and-inventory.md
Platform	materialize	host transaction policy	apps/web/src/lib/file-snapshot.ts	22	return { ...metadata, content: textSnapshot.materializeFullText() }	preserve	Source match; ownership and deletion decisions are in baseline-and-inventory.md
Platform	materialize	view presentation	apps/web/src/lib/text-snapshot-equality.ts	4	export function textSnapshotEqualsText(textSnapshot: TextReadSnapshot, text: string) {	preserve	Source match; ownership and deletion decisions are in baseline-and-inventory.md
Platform	materialize	view presentation	apps/web/src/lib/text-snapshot-equality.ts	8	textSnapshot.forEachTextChunk((chunk, start, end) => {	preserve	Source match; ownership and deletion decisions are in baseline-and-inventory.md
Platform	materialize	view presentation	apps/web/src/state/diagnostic-fix.ts	83	lines.push(text.readRange(range.start, range.end).replace(/\r?\n$/, ''))	preserve	Source match; ownership and deletion decisions are in baseline-and-inventory.md
Platform	materialize	view presentation	packages/client-core/src/git/diff-files.ts	51	createTextDiff({	preserve	Source match; ownership and deletion decisions are in baseline-and-inventory.md
Editor	cursor	core mutation	editor/packages/editor/src/documentSession.ts	153	changesSinceDocumentSyncPoint(	preserve	Source match; ownership and deletion decisions are in baseline-and-inventory.md
Editor	cursor	core mutation	editor/packages/editor/src/documentSession.ts	238	getDocumentSyncPoint(): DocumentSyncPoint	preserve	Source match; ownership and deletion decisions are in baseline-and-inventory.md
Editor	cursor	core mutation	editor/packages/editor/src/documentSession.ts	239	changesSinceDocumentSyncPoint(	preserve	Source match; ownership and deletion decisions are in baseline-and-inventory.md
Editor	cursor	core mutation	editor/packages/editor/src/documentSession.ts	869	public getDocumentSyncPoint(): DocumentSyncPoint {	preserve	Source match; ownership and deletion decisions are in baseline-and-inventory.md
Editor	cursor	core mutation	editor/packages/editor/src/documentSession.ts	873	public changesSinceDocumentSyncPoint(	preserve	Source match; ownership and deletion decisions are in baseline-and-inventory.md
Editor	cursor	core mutation	editor/packages/editor/src/documentSession.ts	877	return this.editChain.changesSince(point, scope)	preserve	Source match; ownership and deletion decisions are in baseline-and-inventory.md
Editor	cursor	core mutation	editor/packages/editor/src/documentSession.ts	1757	this.editChain.changesSince(point, scope, syncPointAfter),	preserve	Source match; ownership and deletion decisions are in baseline-and-inventory.md
Editor	cursor	view presentation	editor/packages/editor/src/editor/Editor.ts	3467	this.currentDocumentEditChain().changesSince(point, scope),	preserve	Source match; ownership and deletion decisions are in baseline-and-inventory.md
Editor	cursor	view presentation	editor/packages/editor/src/editor/Editor.ts	3491	this.currentDocumentEditChain().changesSince(point, scope),	preserve	Source match; ownership and deletion decisions are in baseline-and-inventory.md
Editor	cursor	view presentation	editor/packages/editor/src/editor/Editor.ts	3517	this.currentDocumentEditChain().changesSince(point, scope),	preserve	Source match; ownership and deletion decisions are in baseline-and-inventory.md
Editor	cursor	view presentation	editor/packages/editor/src/editor/Editor.ts	3579	editorBufferSession(this.session)?.buffer.getDocumentSyncPoint() ??	preserve	Source match; ownership and deletion decisions are in baseline-and-inventory.md
Editor	cursor	view presentation	editor/packages/editor/src/editor/Editor.ts	3595	point: session.buffer.getDocumentSyncPoint(),	preserve	Source match; ownership and deletion decisions are in baseline-and-inventory.md
Editor	cursor	view presentation	editor/packages/editor/src/editor/Editor.ts	3596	changesSince: (point, scope) => session.buffer.changesSinceDocumentSyncPoint(point, scope),	preserve	Source match; ownership and deletion decisions are in baseline-and-inventory.md
Editor	cursor	view presentation	editor/packages/editor/src/editor/Editor.ts	3810	) => sync.changesSince(point, scope),	preserve	Source match; ownership and deletion decisions are in baseline-and-inventory.md
Editor	cursor	document contribution	editor/packages/editor/src/editor/syntaxController.ts	2329	const composed = chain.changesSince(point, null)	2	Source match; ownership and deletion decisions are in baseline-and-inventory.md
Editor	cursor	view presentation	editor/packages/editor/src/mergeConflictPlugin.ts	55	getDocumentSyncPoint(): DocumentSyncPoint	5	Source match; ownership and deletion decisions are in baseline-and-inventory.md
Editor	cursor	view presentation	editor/packages/editor/src/mergeConflictPlugin.ts	56	changesSinceDocumentSyncPoint(	5	Source match; ownership and deletion decisions are in baseline-and-inventory.md
Editor	cursor	view presentation	editor/packages/editor/src/mergeConflictPlugin.ts	199	const point = current ? this.host.getDocumentSyncPoint() : null	5	Source match; ownership and deletion decisions are in baseline-and-inventory.md
Editor	cursor	view presentation	editor/packages/editor/src/mergeConflictPlugin.ts	328	const changes = this.host.changesSinceDocumentSyncPoint(this.parsedPoint, null)	5	Source match; ownership and deletion decisions are in baseline-and-inventory.md
Editor	cursor	view presentation	editor/packages/editor/src/mergeConflictPlugin.ts	535	getDocumentSyncPoint: () => context.getDocumentSyncPoint(),	5	Source match; ownership and deletion decisions are in baseline-and-inventory.md
Editor	cursor	view presentation	editor/packages/editor/src/mergeConflictPlugin.ts	537	context.changesSinceDocumentSyncPoint(point, scope),	5	Source match; ownership and deletion decisions are in baseline-and-inventory.md
Editor	cursor	view presentation	editor/packages/editor/src/plugins.ts	717	getDocumentSyncPoint(): DocumentSyncPoint	preserve	Source match; ownership and deletion decisions are in baseline-and-inventory.md
Editor	cursor	view presentation	editor/packages/editor/src/plugins.ts	718	changesSinceDocumentSyncPoint(	preserve	Source match; ownership and deletion decisions are in baseline-and-inventory.md
Editor	cursor	view presentation	editor/packages/editor/src/plugins.ts	778	getCurrentDocumentSnapshot(): Pick<	preserve	Source match; ownership and deletion decisions are in baseline-and-inventory.md
Editor	cursor	view presentation	editor/packages/editor/src/semanticTokenLayer.ts	194	const changes = snapshot.changesSinceDocumentSyncPoint(point, null)	5	Source match; ownership and deletion decisions are in baseline-and-inventory.md
Editor	cursor	view presentation	editor/packages/find/src/plugin.ts	280	textSnapshot: () => context.getCurrentDocumentSnapshot()?.textSnapshot ?? null,	5	Source match; ownership and deletion decisions are in baseline-and-inventory.md
Editor	cursor	view presentation	editor/packages/find/src/plugin.ts	476	snapshot.changesSinceDocumentSyncPoint(this.elsewhereSyncPoint, null)?.edits ?? null	5	Source match; ownership and deletion decisions are in baseline-and-inventory.md
Editor	cursor	domain adapter	editor/packages/lsp-plugin/src/documentSnapshot.ts	18	const point = publication?.syncPointAfter ?? buffer.getDocumentSyncPoint()	4	Source match; ownership and deletion decisions are in baseline-and-inventory.md
Editor	cursor	domain adapter	editor/packages/lsp-plugin/src/documentSnapshot.ts	39	? publication.changesSinceDocumentSyncPoint(previous, scope)	4	Source match; ownership and deletion decisions are in baseline-and-inventory.md
Editor	cursor	domain adapter	editor/packages/lsp-plugin/src/documentSnapshot.ts	40	: buffer.changesSinceDocumentSyncPoint(previous, scope),	4	Source match; ownership and deletion decisions are in baseline-and-inventory.md
Editor	cursor	domain adapter	editor/packages/lsp-plugin/src/documentSync.ts	399	const changes = snapshot.changesSinceDocumentSyncPoint(point, scope)	4	Source match; ownership and deletion decisions are in baseline-and-inventory.md
Editor	cursor	view presentation	editor/examples/stress/reclamation-live-entry.js	103	const rotated = rotateDocumentSyncSegment(buffer, buffer.getDocumentSyncPoint(), acquired.lease)	preserve	Example or benchmark caller; preserve supported simple construction
Platform	cursor	host transaction policy	apps/web/src/features/editor/state/workspace-edit-service.ts	2998	const expectedPoint = target.buffer.getDocumentSyncPoint()	preserve	Source match; ownership and deletion decisions are in baseline-and-inventory.md
Editor	sourceHistory	domain adapter	editor/packages/diff/src/editorDiffPlugin.ts	610	private snapshot: EditorViewSnapshot | null = null	5	Audit generic source progress separately from parser, projection, protocol, or view state
Editor	sourceHistory	core mutation	editor/packages/editor/src/documentSession.ts	2045	private snapshot: PieceTableSnapshot	preserve	Audit generic source progress separately from parser, projection, protocol, or view state
Editor	sourceHistory	document contribution	editor/packages/editor/src/editor/documentAnalysis.ts	76	private queuedRevision = -1	2	Audit generic source progress separately from parser, projection, protocol, or view state
Editor	sourceHistory	document contribution	editor/packages/editor/src/editor/documentAnalysis.ts	216	private rangeRevision = -1	2	Audit generic source progress separately from parser, projection, protocol, or view state
Editor	sourceHistory	core mutation	editor/packages/editor/src/editor/editChain.ts	58	#entries: EditChainEntry[] = []	preserve	Audit generic source progress separately from parser, projection, protocol, or view state
Editor	sourceHistory	core mutation	editor/packages/editor/src/editor/editChain.ts	59	#point: DocumentSyncPoint	preserve	Audit generic source progress separately from parser, projection, protocol, or view state
Editor	sourceHistory	document contribution	editor/packages/editor/src/editor/syntaxController.ts	216	private highlightDispatchPoint: DocumentSyncPoint | null = null	2	Audit generic source progress separately from parser, projection, protocol, or view state
Editor	sourceHistory	document contribution	editor/packages/editor/src/editor/syntaxController.ts	217	private structuralDispatchPoint: DocumentSyncPoint | null = null	2	Audit generic source progress separately from parser, projection, protocol, or view state
Editor	sourceHistory	document contribution	editor/packages/editor/src/editor/syntaxController.ts	1210	return this.syntaxSession.applyChange(composeSkippedChanges(chain, point, change))	2	Audit generic source progress separately from parser, projection, protocol, or view state
Editor	sourceHistory	document contribution	editor/packages/editor/src/editor/syntaxController.ts	1277	return this.highlighterSession.applyChange(composeSkippedChanges(chain, point, change))	2	Audit generic source progress separately from parser, projection, protocol, or view state
Editor	sourceHistory	document contribution	editor/packages/editor/src/editor/syntaxController.ts	2322	function composeSkippedChanges(	2	Audit generic source progress separately from parser, projection, protocol, or view state
Editor	sourceHistory	view presentation	editor/packages/editor/src/mergeConflictPlugin.ts	159	private parsedPoint: DocumentSyncPoint | null = null	5	Audit generic source progress separately from parser, projection, protocol, or view state
Editor	sourceHistory	view presentation	editor/packages/editor/src/semanticTokenLayer.ts	136	const syncPointsByTextVersion = new Map<number, EditorViewSnapshot['documentSyncPoint']>()	5	Audit generic source progress separately from parser, projection, protocol, or view state
Editor	sourceHistory	domain adapter	editor/packages/editor/src/shiki/shiki.worker.ts	39	const documents = new Map<string, DocumentState>()	2	Audit generic source progress separately from parser, projection, protocol, or view state
Editor	sourceHistory	domain adapter	editor/packages/editor/src/shiki/shiki.worker.ts	40	const documentTasks = new Map<string, Promise<ShikiWorkerTransportResult | undefined>>()	2	Audit generic source progress separately from parser, projection, protocol, or view state
Editor	sourceHistory	domain adapter	editor/packages/editor/src/shiki/shiki.worker.ts	82	disposeDocument(payload.runtimeSessionId)	2	Audit generic source progress separately from parser, projection, protocol, or view state
Editor	sourceHistory	domain adapter	editor/packages/editor/src/shiki/workerClient.ts	218	public disposeDocument(runtimeSessionId: string): Promise<void> {	2	Audit generic source progress separately from parser, projection, protocol, or view state
Editor	sourceHistory	domain adapter	editor/packages/editor/src/shiki/workerClient.ts	394	private snapshot: PieceTableSnapshot	2	Audit generic source progress separately from parser, projection, protocol, or view state
Editor	sourceHistory	domain adapter	editor/packages/editor/src/shiki/workerClient.ts	491	() => this.owner.disposeDocument(this.runtimeSessionId),	2	Audit generic source progress separately from parser, projection, protocol, or view state
Editor	sourceHistory	domain adapter	editor/packages/editor/src/shiki/workerClient.ts	492	() => this.owner.disposeDocument(this.runtimeSessionId),	2	Audit generic source progress separately from parser, projection, protocol, or view state
Editor	sourceHistory	domain adapter	editor/packages/editor/src/shiki/workerClient.ts	573	const edits = incrementalEditsForChange(this.snapshot, change)	2	Audit generic source progress separately from parser, projection, protocol, or view state
Editor	sourceHistory	view presentation	editor/packages/editor/src/virtualization/lineStartIndex.ts	6	public constructor(private readonly snapshot: TextReadSnapshot) {}	preserve	Audit generic source progress separately from parser, projection, protocol, or view state
Editor	sourceHistory	view presentation	editor/packages/find/src/plugin.ts	414	private elsewhereSyncPoint: DocumentSyncPoint	5	Audit generic source progress separately from parser, projection, protocol, or view state
Editor	sourceHistory	domain adapter	editor/packages/lsp-plugin/src/documentSync.ts	54	private syncPoint: DocumentSyncPoint | null = null	4	Audit generic source progress separately from parser, projection, protocol, or view state
Editor	sourceHistory	document contribution	editor/packages/minimap/src/workerClient.ts	218	private workerDocumentState: WorkerDocumentState | null = null	3	Audit generic source progress separately from parser, projection, protocol, or view state
Editor	sourceHistory	view presentation	editor/packages/react/src/index.tsx	594	private snapshot = createEmptyStoreSnapshot()	preserve	Audit generic source progress separately from parser, projection, protocol, or view state
Editor	sourceHistory	domain adapter	editor/packages/tree-sitter/src/session.ts	69	private snapshotVersion = 0	2	Audit generic source progress separately from parser, projection, protocol, or view state
Editor	sourceHistory	domain adapter	editor/packages/tree-sitter/src/session.ts	70	private parsedSnapshotVersion = 0	2	Audit generic source progress separately from parser, projection, protocol, or view state
Editor	sourceHistory	domain adapter	editor/packages/tree-sitter/src/session.ts	72	private snapshot: PieceTableSnapshot	2	Audit generic source progress separately from parser, projection, protocol, or view state
Editor	sourceHistory	domain adapter	editor/packages/tree-sitter/src/session.ts	177	const edits = createSyntaxTextEdits(this.textSnapshot, this.snapshot, change)	2	Audit generic source progress separately from parser, projection, protocol, or view state
Editor	sourceHistory	domain adapter	editor/packages/tree-sitter/src/session.ts	250	this.backend.disposeDocument(this.runtimeSessionId)	2	Audit generic source progress separately from parser, projection, protocol, or view state
Editor	sourceHistory	domain adapter	editor/packages/tree-sitter/src/session.ts	304	this.backend.disposeDocument(disposedRuntimeSessionId)	2	Audit generic source progress separately from parser, projection, protocol, or view state
Editor	sourceHistory	domain adapter	editor/packages/tree-sitter/src/treeSitter/source.ts	49	const sourceOwners = new WeakMap<object, number>()	2	Audit generic source progress separately from parser, projection, protocol, or view state
Editor	sourceHistory	domain adapter	editor/packages/tree-sitter/src/treeSitter/sourceChunkRetention.ts	20	private readonly sentSourceChunkLengths = new Map<string, Map<string, number>>()	2	Audit generic source progress separately from parser, projection, protocol, or view state
Editor	sourceHistory	domain adapter	editor/packages/tree-sitter/src/treeSitter/sourceChunkRetention.ts	21	private readonly sourceDocumentEpochs = new Map<string, number>()	2	Audit generic source progress separately from parser, projection, protocol, or view state
Editor	sourceHistory	domain adapter	editor/packages/tree-sitter/src/treeSitter/sourceChunkRetention.ts	24	private readonly latestDescriptors = new Map<string, TreeSitterSourceDescriptor['pieces']>()	2	Audit generic source progress separately from parser, projection, protocol, or view state
Editor	sourceHistory	domain adapter	editor/packages/tree-sitter/src/treeSitter/sourceChunkRetention.ts	31	const descriptor = createTreeSitterSourceDescriptor(snapshot, { sentChunkLengths: sent })	2	Audit generic source progress separately from parser, projection, protocol, or view state
Editor	sourceHistory	domain adapter	editor/packages/tree-sitter/src/treeSitter/sourceChunkRetention.ts	61	public invalidateDocument(documentId: string): void {	2	Audit generic source progress separately from parser, projection, protocol, or view state
Editor	sourceHistory	domain adapter	editor/packages/tree-sitter/src/treeSitter/treeSitter.worker.ts	169	const documentCaches = new Map<string, DocumentCache>()	2	Audit generic source progress separately from parser, projection, protocol, or view state
Editor	sourceHistory	domain adapter	editor/packages/tree-sitter/src/treeSitter/treeSitter.worker.ts	170	const sourceCache: TreeSitterSourceCache = new Map()	2	Audit generic source progress separately from parser, projection, protocol, or view state
Editor	sourceHistory	domain adapter	editor/packages/tree-sitter/src/treeSitter/treeSitter.worker.ts	175	const markdownDocuments = new Map<string, { document: MarkdownDocument; snapshotVersion: number }>()	2	Audit generic source progress separately from parser, projection, protocol, or view state
Editor	sourceHistory	domain adapter	editor/packages/tree-sitter/src/treeSitter/treeSitter.worker.ts	3029	disposeDocument(payload.runtimeSessionId)	2	Audit generic source progress separately from parser, projection, protocol, or view state
Editor	sourceHistory	domain adapter	editor/packages/tree-sitter/src/treeSitter/workerClient.ts	123	disposeDocument(runtimeSessionId: string): void	2	Audit generic source progress separately from parser, projection, protocol, or view state
Editor	sourceHistory	domain adapter	editor/packages/tree-sitter/src/treeSitter/workerClient.ts	146	private readonly sourceChunkRetention = new TreeSitterSourceChunkRetention()	2	Audit generic source progress separately from parser, projection, protocol, or view state
Editor	sourceHistory	domain adapter	editor/packages/tree-sitter/src/treeSitter/workerClient.ts	322	public disposeDocument(runtimeSessionId: string): void {	2	Audit generic source progress separately from parser, projection, protocol, or view state
Editor	sourceHistory	domain adapter	editor/packages/tree-sitter/src/treeSitter/workerClient.ts	324	this.sourceChunkRetention.invalidateDocument(runtimeSessionId)	2	Audit generic source progress separately from parser, projection, protocol, or view state
Editor	sourceHistory	domain adapter	editor/packages/tree-sitter/src/treeSitter/workerClient.ts	327	this.sourceChunkRetention.invalidateDocument(runtimeSessionId)	2	Audit generic source progress separately from parser, projection, protocol, or view state
Editor	sourceHistory	domain adapter	editor/packages/tree-sitter/src/treeSitter/workerClient.ts	517	this.sourceChunkRetention.invalidateDocument(pending.runtimeSessionId)	2	Audit generic source progress separately from parser, projection, protocol, or view state
Editor	sourceHistory	domain adapter	editor/packages/typescript-lsp/src/worker/session.ts	171	const documents = new Map<lsp.DocumentUri, WorkerDocument>()	4	Audit generic source progress separately from parser, projection, protocol, or view state
Editor	sourceHistory	view presentation	editor/examples/stress/reclamation-repeat.mjs	18	const before = createTreeSitterSourceDescriptor(first)	preserve	Example or benchmark caller; preserve supported simple construction
Editor	sourceHistory	view presentation	editor/examples/stress/reclamation-repeat.mjs	25	const after = createTreeSitterSourceDescriptor(second, { sentChunkLengths })	preserve	Example or benchmark caller; preserve supported simple construction
Editor	sourceHistory	view presentation	editor/examples/stress/src/firstPaint.ts	96	disposeDocument: (id) => backend.disposeDocument(id),	preserve	Example or benchmark caller; preserve supported simple construction
Platform	sourceHistory	domain adapter	apps/server/src/lsp/proxy-session.ts	1436	const documents = new Map<string, CapturedDocumentProvenance>()	4	Audit generic source progress separately from parser, projection, protocol, or view state
Platform	sourceHistory	host transaction policy	apps/web/src/features/editor/state/workspace-edit-service.ts	402	private snapshot: WorkspaceEditServiceSnapshot = IDLE_SNAPSHOT	preserve	Audit generic source progress separately from parser, projection, protocol, or view state
Platform	sourceHistory	domain adapter	apps/web/src/features/search/utils/result-syntax-plugin.ts	70	private snapshotVersion = 0	2	Audit generic source progress separately from parser, projection, protocol, or view state
Platform	sourceHistory	view presentation	apps/web/src/lib/focus/state/service.ts	286	private snapshot = INITIAL_SNAPSHOT	preserve	Audit generic source progress separately from parser, projection, protocol, or view state
Editor	privateImport	view presentation	editor/packages/editor/src/debug.ts	25	export { forEachBufferSpan } from '@singapore-editor/textbuffer/internal/buffers'	preserve	Core-owned storage access stays; external debug/source access needs the unit 2 reader
Editor	privateImport	core mutation	editor/packages/editor/src/documentSession.ts	57	import { bufferStorageIdentity, copyTextRange } from '@singapore-editor/textbuffer/internal/buffers'	preserve	Core-owned storage access stays; external debug/source access needs the unit 2 reader
Editor	privateImport	view presentation	editor/packages/editor/src/documentTextSnapshot.ts	9	import { getSubtreeLineBreaks } from '@singapore-editor/textbuffer/internal/node'	preserve	Core-owned storage access stays; external debug/source access needs the unit 2 reader
Editor	privateImport	view presentation	editor/packages/editor/src/documentTextSnapshot.ts	10	import { forEachTextInRange } from '@singapore-editor/textbuffer/internal/tree'	preserve	Core-owned storage access stays; external debug/source access needs the unit 2 reader
Editor	privateImport	view presentation	editor/packages/editor/src/documentTextSnapshot.ts	11	import { lineRange, lineStartOffset } from '@singapore-editor/textbuffer/internal/positions'	preserve	Core-owned storage access stays; external debug/source access needs the unit 2 reader
Editor	privateImport	view presentation	editor/packages/editor/src/documentTextSourceCache.ts	1	import type { TextPageOwner } from '@singapore-editor/textbuffer/internal/textPages'	preserve	Core-owned storage access stays; external debug/source access needs the unit 2 reader
Editor	privateImport	view presentation	editor/packages/editor/src/editor/input.ts	7	import { isHighSurrogate, splitsSurrogatePair } from '@singapore-editor/textbuffer/internal/reads'	preserve	Core-owned storage access stays; external debug/source access needs the unit 2 reader
Editor	privateImport	view presentation	editor/packages/editor/src/public/document.ts	71	export { documentTextRoundTripStatus } from '@singapore-editor/textbuffer/internal/lineEndings'	preserve	Core-owned storage access stays; external debug/source access needs the unit 2 reader
Editor	privateImport	view presentation	editor/packages/editor/src/public/document.ts	160	} from '@singapore-editor/textbuffer/internal/lineEndings'	preserve	Core-owned storage access stays; external debug/source access needs the unit 2 reader
Editor	privateImport	view presentation	editor/packages/editor/src/public/testing.ts	19	export { reclaimPieceTableText } from '@singapore-editor/textbuffer/internal/reclamation'	preserve	Core-owned storage access stays; external debug/source access needs the unit 2 reader
Editor	privateImport	view presentation	editor/packages/editor/src/textMeasurements.ts	1	import { TextPage } from '@singapore-editor/textbuffer/internal/textPages'	preserve	Core-owned storage access stays; external debug/source access needs the unit 2 reader
Editor	privateImport	view presentation	editor/packages/editor/src/textStorageMaintenance.ts	5	} from '@singapore-editor/textbuffer/internal/compaction'	preserve	Core-owned storage access stays; external debug/source access needs the unit 2 reader
Editor	privateImport	view presentation	editor/packages/editor/src/textStorageMaintenance.ts	9	} from '@singapore-editor/textbuffer/internal/reclamation'	preserve	Core-owned storage access stays; external debug/source access needs the unit 2 reader
Editor	privateImport	domain adapter	editor/packages/tree-sitter/src/treeSitter/source.ts	2	import { debugPieceTable, type PieceBufferId } from '@singapore-editor/core/debug'	2	Core-owned storage access stays; external debug/source access needs the unit 2 reader
Editor	privateImport	domain adapter	editor/packages/tree-sitter/src/treeSitter/source.ts	3	import { forEachBufferSpan } from '@singapore-editor/core/debug'	2	Core-owned storage access stays; external debug/source access needs the unit 2 reader
Editor	privateImport	view presentation	editor/examples/app/src/app.ts	166	import('@singapore-editor/core/debug'),	preserve	Example or benchmark caller; preserve supported simple construction
Editor	privateImport	view presentation	editor/examples/app/src/components/pieceTreeInspector.ts	11	} from '@singapore-editor/core/debug'	preserve	Example or benchmark caller; preserve supported simple construction
Editor	privateImport	view presentation	editor/examples/stress/reclamation-cold.mjs	135	"import { copyTextRange } from '@singapore-editor/textbuffer/internal/buffers'\n" +	preserve	Example or benchmark caller; preserve supported simple construction
Editor	privateImport	view presentation	editor/examples/stress/reclamation-live-entry.js	10	import { measureTextSnapshotRange } from '../../packages/editor/dist/documentTextSnapshot.js'	preserve	Example or benchmark caller; preserve supported simple construction
Editor	privateImport	view presentation	editor/examples/stress/reclamation-live-entry.js	11	import { bufferStoreExtent } from '../../packages/textbuffer/dist/buffers.js'	preserve	Example or benchmark caller; preserve supported simple construction
Editor	privateImport	view presentation	editor/examples/stress/reclamation-positions-latency.mjs	12	} from '../../packages/textbuffer/dist/index.js'	preserve	Example or benchmark caller; preserve supported simple construction
Editor	privateImport	view presentation	editor/examples/stress/reclamation-positions-latency.mjs	13	import { compactTombstones } from '../../packages/textbuffer/dist/compaction.js'	preserve	Example or benchmark caller; preserve supported simple construction
Editor	privateImport	view presentation	editor/examples/stress/reclamation-positions-per-id.mjs	11	} from '../../packages/textbuffer/dist/index.js'	preserve	Example or benchmark caller; preserve supported simple construction
Editor	privateImport	view presentation	editor/examples/stress/reclamation-positions-per-id.mjs	12	import { compactPieceTableTombstones } from '../../packages/textbuffer/dist/compaction.js'	preserve	Example or benchmark caller; preserve supported simple construction
Editor	privateImport	view presentation	editor/examples/stress/reclamation-positions-per-id.mjs	13	import { reclaimPieceTableText } from '../../packages/textbuffer/dist/reclamation.js'	preserve	Example or benchmark caller; preserve supported simple construction
Editor	privateImport	view presentation	editor/examples/stress/reclamation-positions-soak.mjs	13	} from '../../packages/textbuffer/dist/index.js'	preserve	Example or benchmark caller; preserve supported simple construction
Editor	privateImport	view presentation	editor/examples/stress/reclamation-positions-soak.mjs	17	} from '../../packages/textbuffer/dist/compaction.js'	preserve	Example or benchmark caller; preserve supported simple construction
Editor	privateImport	view presentation	editor/examples/stress/reclamation-positions-soak.mjs	18	import { validatePieceTreeInvariants } from '../../packages/textbuffer/dist/inspection.js'	preserve	Example or benchmark caller; preserve supported simple construction
Editor	privateImport	view presentation	editor/examples/stress/reclamation-repeat.mjs	8	} from '../../packages/textbuffer/dist/index.js'	preserve	Example or benchmark caller; preserve supported simple construction
Editor	privateImport	view presentation	editor/examples/stress/reclamation-repeat.mjs	9	import { bufferSpanAt } from '../../packages/textbuffer/dist/buffers.js'	preserve	Example or benchmark caller; preserve supported simple construction
Editor	privateImport	view presentation	editor/examples/stress/reclamation-repeat.mjs	10	import { reclaimPieceTableText } from '../../packages/textbuffer/dist/reclamation.js'	preserve	Example or benchmark caller; preserve supported simple construction
Editor	privateImport	view presentation	editor/examples/stress/reclamation-repeat.mjs	11	import { createTreeSitterSourceDescriptor } from '../../packages/tree-sitter/dist/treeSitter/source.js'	preserve	Example or benchmark caller; preserve supported simple construction
Editor	privateImport	view presentation	editor/examples/stress/src/firstPaint.ts	23	import { createFoldGutterPlugin } from '../../../packages/gutters/dist/index.js'	preserve	Example or benchmark caller; preserve supported simple construction
